RowNumber,CustomerId,Surname,CreditScore,Geography, Gender ,Age,Tenure,Balance,NumOfProducts,HasCrCard,IsActiveMember,EstimatedSalary,Exited
1,61653022,Burke,334,France, Female,24,9,68932.01571071919,3,0,1,50715.311995571035,1
2,67644822,Lewis,330,Germany,Male,25,1,24301.06173372677,2,1,1,40037.42942797666,1
3,95221061,Kelley,775,Germany,Female,80,1,149265.9769412336,3,1,1,172000.66923183418,0
4,73755823,Berry,630,France,Male,54,8,173449.37865612507,4,1,0,115776.59010848372,1
5,84919676,Williams,756,Germany,Male,36,0,50135.166968671016,1,0,1,103572.83010584788,0
6,15366498,Aguilar,682,France,Male,49,8,148790.85710058725,3,1,0,130954.26095518681,0
7,81000177,Robinson,672,Germany,Male,51,5,42577.95072453601,2,1,0,151201.56515479527,0
8,56164408,Sanchez,416,Spain,Male,69,7,42512.59239552876,1,0,1,198290.06988331626,0
9,72537137,Wagner,732,Spain,Male,51,10,169412.98209224478,1,0,1,178041.72253489922,1
10,99450378,Mcconnell,431,Spain,Female,57,10,157146.20693144892,4,1,0,83103.94520836633,0
11,20787406,Evans,488,Spain,Male,72,9,26090.058903064793,1,1,0,170019.24530354256,0
12,18082732,Jones,582,Spain,Female,49,9,12981.452138045535,1,0,0,115442.71132197152,0
13,40824662,Davis,617,France,Female,29,9,51141.06517237633,2,0,0,132756.95091372868,0
14,75537355,Mccann,508,Spain,Male,36,3,184111.21695406188,1,0,0,38094.77629377474,0
15,49163766,Callahan,681,Spain,Female,66,0,54829.8105768328,3,1,1,184236.30851481188,1
16,99455870,Patrick,843,France,Female,20,6,67286.26443082084,4,1,1,192915.88172780356,0
17,41108495,Brown,609,Spain,Male,20,3,144385.36054433568,4,0,1,187373.82956994866,1
18,22532065,Baker,517,France,Male,34,9,93775.14859613474,3,1,0,112251.70595161691,0
19,38063255,Deleon,665,France,Male,29,8,199384.9319635386,1,0,1,150679.2696215221,1
20,19532971,Ortega,490,Spain,Male,61,0,147031.1551098675,4,1,1,40558.977259477135,0
21,46151224,Henson,716,Spain,Male,67,6,87283.30580871715,4,1,0,150916.92459426785,1
22,45336075,Thomas,570,Germany,Female,44,8,71176.17837673568,2,1,0,184080.7912861827,1
23,77243131,Carter,486,France,Female,22,9,92318.40491530132,1,1,1,154197.19792925505,1
24,34508751,Zimmerman,756,France,Female,37,9,140160.34906174152,1,0,1,175094.62006696436,0
25,45543334,Shelton,666,Germany,Male,45,7,31393.416569315912,3,1,1,117597.72693997265,1
26,45760757,Henderson,660,Germany,Male,43,10,95244.09884498417,1,0,1,56966.37781344972,1
27,79607751,Weaver,752,Spain,Female,77,5,157908.3452126691,1,1,1,183931.9932455814,0
28,22449664,Owens,620,Germany,Female,42,9,125503.04328508455,1,1,0,83921.82654812127,0
29,73253246,Ross,555,Spain,Female,35,0,148582.56142033625,3,1,1,68116.05578254002,1
30,97547012,Patterson,366,France,Male,25,9,27329.449762741588,1,1,1,117783.68549126189,1
31,56539254,Crane,541,Germany,Male,55,6,157364.84412196415,1,1,0,62918.36428875505,1
32,10102137,Coffey,424,Germany,Male,77,4,178792.28634141732,3,0,1,111793.7676477545,1
33,47397964,Davis,603,Germany,Male,33,6,197808.41499234267,1,0,0,11155.1426697266,0
34,23030851,Little,594,Spain,Male,58,4,77143.78514899514,4,1,0,47301.39073500689,0
35,91822070,Hoover,443,France,Male,75,2,60532.083462726674,1,1,1,93837.98615876133,0
36,47056148,Estrada,611,France,Male,66,4,53272.85212797741,2,1,0,80808.2706823705,1
37,83444009,Washington,546,Spain,Male,77,8,102231.66582359167,2,1,1,117993.00566118381,0
38,25068245,Greene,428,Germany,Male,44,5,59059.88846930694,4,1,0,114744.52105309004,0
39,68376515,Perez,328,Spain,Male,70,6,20566.438715475255,3,0,1,19314.800137406775,1
40,86773468,Nielsen,474,Germany,Female,79,1,45415.87328824075,2,1,1,68621.27704568907,1
41,76715518,Mccall,592,France,Male,23,8,191593.6931753668,2,0,0,82737.39141064978,1
42,31864326,Marshall,375,France,Female,20,7,2154.4552207284796,1,1,0,145462.98947852582,0
43,94279976,Wright,428,France,Female,36,2,59944.86325163093,1,0,1,169585.3430338573,1
44,24987479,Sanchez,303,Spain,Male,56,10,23991.300991218024,4,1,0,196669.8770868525,1
45,94317924,Knox,336,Germany,Male,27,10,10479.62950115362,4,0,1,121043.84186826393,0
46,92585271,Oconnor,426,Spain,Female,67,8,12243.775019831493,4,0,0,107813.36331207836,0
47,43077885,Ryan,408,France,Male,79,1,166107.5823667227,3,1,1,58462.70790388452,0
48,54004392,Morrison,352,Spain,Male,57,8,74511.79463877757,4,1,1,106830.60661522637,0
49,67042010,Taylor,356,Germany,Female,32,3,173609.33664314743,1,0,0,175694.45274835176,1
50,22713265,Gonzalez,714,France,Female,79,0,186970.64433391372,1,0,0,179373.59998986786,0
51,26277764,Garcia,650,Germany,Male,55,4,33474.32333325993,3,0,1,121613.99387589771,0
52,94816186,Hernandez,592,Spain,Female,73,1,117132.79747116177,4,1,0,109469.27110327895,1
53,35576977,Drake,418,France,Female,54,10,161123.64064455745,3,0,1,50993.187509745185,0
54,72266384,Anderson,597,Spain,Male,24,10,127942.65291936966,2,0,1,198361.96145214306,0
55,86171309,Gill,327,France,Male,73,10,199512.68720174496,2,1,0,120707.53658378847,0
56,27989380,Salazar,319,Spain,Female,56,3,49755.41363055058,2,1,0,124224.71432281131,0
57,40111079,Baker,591,Spain,Male,18,5,113211.75420648977,2,0,1,104743.50597725328,0
58,38382195,Gordon,544,France,Female,42,9,184060.03045988217,1,0,1,48609.478765104104,0
59,11830165,Williams,541,Spain,Male,24,2,73275.1571691463,2,1,1,14409.41336590009,1
60,15352461,Mahoney,417,Spain,Female,63,6,141367.48767492804,3,1,0,133936.66254284405,1
61,73191314,Jimenez,641,Germany,Male,26,6,165751.49062336428,3,0,1,106872.68656307372,0
62,15589146,Hinton,383,Spain,Male,33,5,195517.11199395548,4,1,1,14530.697349420803,1
63,96468313,Fritz,732,Spain,Male,49,5,113419.07985181916,3,1,1,75225.05746419658,1
64,86547811,Phillips,587,France,Female,73,7,39703.47713345077,2,1,0,127059.7122882909,0
65,18807466,Jackson,396,Germany,Male,73,3,113541.6590887804,1,1,1,195463.72398216208,1
66,65797170,Rios,807,France,Female,65,4,56065.72192849779,3,1,0,107588.99594462021,1
67,75183996,Alvarado,533,Germany,Male,53,10,120135.65716014139,4,1,0,135068.3628773676,1
68,15858163,Bass,772,Germany,Female,40,9,69613.80045736828,4,0,1,78163.84759474394,1
69,24852930,Davis,542,France,Female,41,2,150484.30349741387,3,0,1,165996.02649962166,1
70,48559375,Cook,493,Germany,Male,44,5,84857.20726540999,2,1,0,51426.76994334621,0
71,22209000,White,736,Spain,Female,49,4,192845.3740712271,3,0,0,138810.9371323742,1
72,11823952,Mcfarland,759,Germany,Female,75,1,1773.6387775678875,1,1,1,110628.14222869778,0
73,67875444,Rhodes,819,Germany,Female,19,0,65826.54857587151,4,1,0,90179.53406012802,1
74,22578199,Smith,669,Spain,Female,37,0,186904.90272216927,3,1,0,29392.606830933986,1
75,38041416,Gibbs,351,Spain,Female,41,9,173991.4821173883,3,1,0,148964.72830273886,0
76,65814956,Henry,473,Spain,Male,21,6,34644.905843538254,3,0,0,179685.25301586973,0
77,30303858,Wilson,698,France,Male,60,4,4371.464229673005,2,0,1,56647.86770981935,0
78,48373684,Moody,515,France,Female,70,1,123731.01823224772,1,1,1,14613.726471236125,1
79,53691096,Gaines,689,France,Female,60,9,176510.32340224882,1,0,0,139966.14209870552,0
80,28327976,Wells,524,France,Female,45,1,100559.41990672667,1,0,1,196632.00910464494,1
81,33046141,Beck,785,Germany,Male,45,5,14544.474828124088,3,1,0,84429.6069231668,1
82,49288172,Smith,408,Spain,Male,76,3,23892.11324639673,3,0,1,23286.25096971407,1
83,62605309,Perez,806,Germany,Male,72,0,21213.50547125791,4,1,0,31035.534022682066,1
84,39209102,Leach,649,Spain,Male,70,0,30727.39384487613,3,0,0,66976.87493947135,0
85,51819590,Calderon,511,Germany,Male,19,8,117622.49690173591,4,1,0,186951.48401446803,0
86,21907425,Galvan,759,Germany,Male,56,0,175925.55026603298,4,1,0,16215.091595226215,1
87,89676794,Mitchell,470,Spain,Female,60,1,66963.68136574622,4,0,0,186781.41672986592,0
88,84587429,Goodwin,571,France,Female,54,5,134448.80027512065,4,0,1,21555.47831504543,0
89,13902778,Garcia,831,Spain,Male,42,3,129441.60746290567,4,0,0,183976.5324962299,1
90,36910601,Robertson,552,Germany,Male,31,5,91146.69661248516,4,0,0,71508.14191172113,0
91,18730493,Franco,371,France,Male,22,8,63483.34293922358,2,1,1,139635.5166026266,0
92,77059587,Brewer,525,Spain,Male,32,9,88963.45482413261,1,1,0,139230.84936778684,1
93,55580512,Johnson,538,Germany,Male,61,9,175535.56900521292,3,1,1,73360.30228580706,0
94,79555778,Smith,571,France,Female,80,6,153510.287664062,2,0,1,142215.46932463278,1
95,67205321,Johnson,734,Spain,Male,40,3,130951.38892162796,3,0,0,140243.47196762357,1
96,44522056,Simmons,495,Spain,Female,77,0,56559.2380062375,3,1,0,165134.4605226737,1
97,40150752,Gordon,498,Germany,Male,20,2,89751.16648973714,1,0,1,199560.9405572351,1
98,12825400,Vasquez,437,France,Male,68,6,38604.25780336691,2,0,1,107181.90497367259,0
99,93559086,Glover,549,France,Male,52,3,38811.679776850026,2,0,1,173963.33410489585,0
100,40358417,Jordan,308,Spain,Female,29,8,140732.80760098217,4,1,1,197289.3411541287,1
101,68323615,Fields,433,Spain,Female,48,2,105051.77791539796,4,0,0,116208.01506164474,1
102,47888076,Wood,647,Germany,Male,32,10,53399.44292717924,2,1,1,112398.94920933111,1
103,90060793,Taylor,848,Spain,Male,21,2,147996.58236320468,4,0,0,146690.33783994635,0
104,42280921,Perkins,551,France,Female,32,7,195725.51572708294,4,0,1,186877.1606000097,0
105,77814453,Rodriguez,645,Spain,Female,76,4,100500.46453309112,4,0,0,96861.53439544489,1
106,60290102,Hughes,396,Germany,Female,33,3,186529.4742406639,2,1,1,73650.96847193415,1
107,17658901,Mcneil,454,Germany,Female,26,3,58237.24960303473,1,1,1,22866.335586225105,0
108,59308126,Gray,772,Germany,Male,76,7,168063.21727830498,4,1,1,83492.88083202159,1
109,37064999,Espinoza,495,France,Female,18,3,10737.052944570612,4,0,1,24296.452504512905,1
110,97615819,Baxter,744,France,Female,61,4,137767.7099550255,4,0,1,193872.73102441436,1
111,34702516,Lee,510,France,Female,47,10,72261.36189731475,2,0,1,23344.702996038617,1
112,14663773,Craig,825,Germany,Female,71,0,170688.2576428759,3,0,1,70746.9476062952,1
113,29332837,Allen,640,Spain,Male,69,5,157599.31981138155,3,0,0,181471.9118755799,1
114,76609961,Christian,614,Spain,Female,57,7,196796.4809543007,1,1,1,141805.5156740128,1
115,95517156,Cummings,778,France,Female,52,2,36965.86089771041,2,1,1,57355.83202166842,1
116,89817461,Anderson,451,Germany,Male,56,10,141864.807096066,4,1,1,95071.57203307287,1
117,46625086,Brown,818,France,Female,61,3,97288.21112792738,2,0,0,137762.06748338626,1
118,64156225,Moore,671,France,Female,56,3,34357.693897351084,3,1,1,119168.39245742568,0
119,88558134,Bailey,802,Spain,Female,68,8,74178.20806632431,1,1,1,187831.32458442834,1
120,71906143,Jensen,424,Germany,Male,68,0,95038.20516172679,1,1,0,159173.58318392816,1
121,94603673,Bell,391,France,Female,20,2,164762.84144791562,4,0,0,28516.727600253875,0
122,33644591,Williams,476,France,Male,40,7,86867.0764067171,4,1,0,101093.28532789786,1
123,85108654,Young,328,France,Male,40,1,14852.388873165755,3,0,0,198112.91688608687,0
124,67258982,Donaldson,611,Germany,Male,61,1,44503.76043933859,3,1,1,186363.961843139,1
125,98458006,Conner,684,Germany,Female,34,5,35454.22997854835,4,0,1,99469.39618155645,0
126,23938211,Bailey,314,France,Male,38,9,24934.93595138978,4,1,1,51306.56453129818,1
127,35818201,Davis,713,Spain,Female,59,9,172208.18153134547,1,0,0,129402.74471981081,0
128,79969254,Patel,690,France,Male,80,2,168994.3413759092,4,1,1,148241.997653457,0
129,31816377,Johnson,472,Germany,Male,72,5,45759.657047570414,3,0,1,13918.815469563015,1
130,89811907,Hamilton,633,Germany,Female,19,4,177770.25829443373,1,1,1,173270.74158447486,1
131,71892642,Brown,760,Germany,Female,68,3,56695.535335608074,1,1,1,134532.5784267164,1
132,28306797,Mendoza,548,Spain,Female,49,10,59837.63667978563,3,0,0,126334.62630794193,0
133,81910255,Farley,758,France,Female,34,7,81724.51298522198,1,1,0,194338.33349898105,0
134,77036765,Nelson,455,Germany,Female,38,9,107946.81348971602,4,0,0,165503.6347741223,1
135,43756132,Spears,572,Spain,Male,77,9,76347.22379931249,4,1,0,154442.72613077713,1
136,39476940,Gutierrez,387,Spain,Male,42,4,58877.58261862737,3,1,0,136407.3909645229,0
137,48292465,Miller,301,France,Female,48,0,63043.62087004891,4,1,0,165605.4792106049,0
138,29452228,Richard,681,Spain,Male,38,3,123413.70454794273,1,0,1,136276.27814668918,1
139,23002071,Miller,586,Germany,Male,60,8,167664.35438191428,3,0,1,13576.184754096219,1
140,92330989,Costa,314,Spain,Female,68,5,153621.31646512085,2,0,1,173830.01919857075,1
141,93457487,Smith,374,Spain,Female,78,9,40587.92493846686,2,0,1,169930.88566125833,1
142,59968589,Johnson,382,Germany,Male,57,9,176102.176826474,1,0,1,103828.18620661936,1
143,53647451,Jones,752,Spain,Male,54,4,19309.89277489501,2,0,0,199222.4304087578,0
144,44897838,Adams,547,France,Male,76,1,184032.54119533807,1,1,0,101271.27448784551,0
145,52742639,Kennedy,591,Spain,Male,75,6,106330.03664560709,1,0,1,79580.3286920085,1
146,26532608,Collins,517,France,Female,44,9,95547.81307978729,2,1,1,69605.98591631536,0
147,64139811,Roberts,374,France,Female,70,5,45269.8475025624,4,1,1,180145.87608197163,1
148,85185783,Terry,836,Spain,Female,79,7,101116.02208128538,1,1,1,11281.388877411506,1
149,36622688,Murphy,674,Germany,Male,65,6,118838.83304684088,4,0,0,196942.94853613334,0
150,50599870,Warren,385,France,Male,62,0,133919.72779700093,4,0,0,24512.98717237782,0
151,90755739,Garner,464,France,Female,35,6,175101.3103577196,3,0,1,120059.48839460372,0
152,81780811,Lee,773,Germany,Male,64,10,12399.834912300033,2,1,0,41376.0627333508,1
153,14858176,Ray,350,Spain,Female,63,9,27137.88064581897,1,0,1,136449.86842520998,1
154,33220166,Crosby,762,Spain,Male,63,3,140220.60648748148,1,1,0,102094.0560851796,0
155,93834082,Medina,639,Spain,Male,67,8,193200.6577345321,1,0,1,51854.25816087961,0
156,31837755,Scott,364,France,Male,29,7,168521.41999660135,4,0,0,110978.99783983943,1
157,28360585,Garcia,378,Germany,Female,67,7,152268.21671681592,3,0,1,148480.83206734824,1
158,88872250,Thompson,777,Germany,Female,45,10,103535.5522801708,1,0,1,102878.36724785298,0
159,43067408,Nichols,535,Germany,Female,44,8,177636.2463831298,4,0,1,131443.92353621125,0
160,79331033,Schaefer,606,France,Male,29,7,72826.80019139171,4,0,0,71250.23734324437,0
161,35825465,Tran,354,Germany,Female,55,2,57769.00071349722,3,0,1,180991.9672441753,0
162,51910987,Yu,512,Germany,Female,40,10,44482.04805881491,4,0,0,127562.48303750742,1
163,77912456,Garza,470,France,Female,21,8,20268.81544316972,2,1,0,125398.56756129325,0
164,18074550,Bradshaw,512,Germany,Male,70,6,93294.84677166131,2,0,1,70258.94214852908,1
165,43677506,Reyes,654,Spain,Female,73,9,61137.7154095464,1,0,0,162255.22766627715,1
166,94875784,Blackwell,635,Spain,Male,63,5,94904.47843633893,4,1,1,57210.02271188463,1
167,12960987,Walker,774,Spain,Male,56,2,36000.98659431545,2,1,1,118257.66380626654,1
168,91950412,Bowen,832,Germany,Female,56,3,140816.95157689133,1,0,1,186700.52687848549,1
169,43641673,Stanley,455,Spain,Female,39,8,63316.858998464064,4,1,0,63481.42965440516,1
170,20778434,Murray,386,Germany,Female,24,0,186027.61415947272,2,1,1,64053.14672282599,1
171,25026445,Whitehead,764,Spain,Male,61,5,170818.11302169377,4,0,1,99805.77920359974,0
172,13541669,Ross,642,Spain,Female,71,1,121763.04169856202,4,1,1,122552.00583353969,1
173,88717423,Carpenter,655,Germany,Male,34,3,113775.65739670121,4,0,1,22527.14935875419,0
174,98428372,Burnett,805,Germany,Female,40,10,185742.68769638767,1,0,0,77280.180023677,0
175,77681744,Riggs,494,Spain,Female,54,1,129432.47871640963,4,1,0,45753.720361445354,0
176,41352055,Jordan,803,Germany,Male,75,4,5298.563732066875,4,1,0,144083.01140023457,1
177,48826037,Mahoney,679,France,Female,60,9,26034.285471204723,4,0,1,168547.90096863618,1
178,13950904,Wright,394,Spain,Male,25,3,46034.183555108466,1,1,1,36736.43700274926,0
179,63047966,Cisneros,717,Germany,Male,31,7,155810.72834204807,2,1,1,115690.53056413385,0
180,78428637,Gonzales,501,France,Female,36,8,112017.9104474306,4,0,0,194884.4118618218,1
181,11286769,Bartlett,325,Germany,Male,25,5,182008.09623827864,3,1,0,100683.44524020531,0
182,99117791,Stevenson,797,Germany,Male,32,2,22939.91255699761,2,1,0,182242.33501308606,1
183,60832539,Vega,362,Spain,Female,40,8,34172.10443695906,1,1,0,158828.18959931977,1
184,25946378,Cantrell,758,France,Male,66,5,12790.17503765183,4,1,0,173180.87863322502,1
185,86142669,Blake,502,France,Male,59,2,145459.74501931775,4,1,0,116371.52817521091,0
186,38407181,Wheeler,633,Spain,Male,77,5,183845.3300626552,3,1,0,154774.60470914276,1
187,52821464,Burke,671,France,Male,65,3,98180.87922482096,3,1,0,97596.26786424319,0
188,10624111,Phillips,330,France,Female,29,3,2943.3824210714165,3,0,1,104153.24372064073,1
189,73647480,Hernandez,577,France,Male,26,6,5720.6164366145895,4,1,0,91080.51096075936,1
190,66804794,Meyers,514,Spain,Male,32,6,133141.8807620727,2,0,0,142422.59123638234,1
191,62908126,Lang,349,Germany,Female,25,2,101719.50441774302,4,0,1,29158.066499755045,1
192,96886976,Hicks,394,Spain,Female,19,3,128792.59571526865,3,0,0,73268.65357726463,0
193,78981850,Gomez,550,France,Male,33,10,74914.87834200266,4,1,0,57938.898886252326,0
194,80621439,Mercado,491,Germany,Male,48,5,137707.10266718932,3,1,0,197218.22133489026,1
195,62459603,Fritz,669,Spain,Male,41,3,117874.2528867968,1,0,0,138011.87774983927,0
196,84793699,Perkins,341,Germany,Male,68,0,179092.01221522182,1,0,1,186173.17939736074,0
197,80291580,Hutchinson,637,Spain,Male,37,3,145608.3686092166,1,0,0,86740.6774995948,0
198,75167044,Ferrell,528,France,Male,21,1,95396.76189151623,2,0,1,116922.30806435236,0
199,20383635,Harris,361,Spain,Female,38,7,141551.62542340092,1,0,1,44901.43224402899,1
200,68623033,Smith,495,France,Male,24,7,134200.44076642033,3,1,1,33724.51294772518,0
201,70122457,Reed,522,Spain,Female,29,8,136995.59366636004,2,0,0,197159.45966367054,1
202,85401461,Boyer,503,France,Female,44,4,4229.655019142231,1,1,0,29796.23656047438,0
203,76759476,Booth,714,Spain,Female,65,3,63802.53263262319,1,1,0,76530.33667356396,0
204,29907877,Ashley,778,Spain,Male,34,8,162004.35620549673,3,1,0,186009.5207287261,0
205,55051981,Robinson,605,France,Male,35,9,122224.0275157806,3,0,1,155321.26431130507,0
206,37387590,Mason,727,France,Female,52,2,187232.89148063277,1,0,0,60252.59099509271,1
207,44479226,Sanchez,424,Spain,Male,63,10,876.385888218123,2,1,1,199151.44668148962,1
208,52067996,Terry,597,Germany,Male,57,10,8411.935803007831,3,0,1,167338.9109661262,1
209,92468851,King,847,France,Male,31,1,141473.59568072483,3,0,1,105282.7033398228,1
210,49277405,Garrett,521,Germany,Male,61,6,171756.60021900386,1,1,0,53030.15134163954,0
211,29353727,Burnett,724,Spain,Female,66,2,37322.462788390934,4,0,0,114248.18849802659,0
212,77521298,Rivera,704,France,Female,37,6,117978.55893790678,1,1,1,95182.66433293243,0
213,64554095,Gibson,569,France,Male,18,1,122988.16072811864,3,0,1,38904.28524052794,1
214,50306856,Riley,374,France,Male,73,2,60827.07837442638,3,1,1,26727.84654081167,0
215,38833405,Hall,762,Germany,Female,49,0,135462.48698144266,1,1,0,55042.54601209975,1
216,24518570,Cooper,531,Germany,Male,68,3,2479.34468829758,4,0,1,197461.60704187406,1
217,29280990,Clark,311,Germany,Male,55,7,127502.40063964755,4,0,0,164207.03235704516,0
218,98314963,Vang,395,Spain,Male,71,3,17090.21548683085,3,0,0,85811.94719101672,0
219,73152795,Reynolds,762,Germany,Male,52,8,95078.12642771163,2,1,0,81410.2867482705,1
220,61811007,Ferguson,822,Germany,Male,24,9,170782.834501738,2,1,0,136586.89709893469,1
221,91141797,Valencia,419,France,Male,77,3,156568.73051707025,2,1,0,15153.597981596826,0
222,75231028,Curtis,817,Spain,Female,27,10,105687.06763089815,2,1,0,121896.76667099686,0
223,46463615,Mathews,820,France,Female,79,7,44527.08498744964,2,1,0,185948.89853976842,1
224,49543929,Kelly,664,Spain,Male,72,3,85067.77420312166,4,1,0,65460.48069403957,1
225,63252747,Thompson,456,France,Female,35,9,35742.510268521466,3,1,0,134342.13571826922,0
226,21554660,Hanna,403,France,Female,77,8,71865.58611962173,3,0,0,37830.65208381613,1
227,35802361,Cortez,591,Germany,Female,49,1,111231.57282696152,1,0,1,157581.8546038671,1
228,13925934,Thomas,595,France,Female,74,3,166087.43976358368,3,1,1,76946.68387782175,0
229,61187267,Sims,553,France,Male,46,9,34938.1523499054,3,1,1,121217.52440635889,0
230,63481190,Davis,466,Germany,Female,34,6,55829.66450370212,4,0,0,95899.77967272012,0
231,97169774,Perez,817,Spain,Male,23,10,163577.6510913889,4,1,1,140530.48667358625,1
232,57285339,Robinson,504,France,Male,38,4,113375.76407811898,4,1,1,126682.40093776648,1
233,76985014,Watson,716,Germany,Female,23,7,67231.0270071387,4,1,0,64590.540928665105,0
234,24284754,Salinas,502,Germany,Male,71,2,9770.671480481518,2,0,1,56869.92897645759,1
235,23595964,Boone,835,France,Male,30,4,31655.535874688678,1,1,0,105400.93097047844,1
236,43935630,Ramirez,641,Spain,Male,30,1,163267.4472458456,2,1,0,17739.853353673658,0
237,84964497,Warner,824,France,Female,52,9,138399.014156748,4,1,1,111169.19625559605,0
238,39275392,Rodgers,428,Spain,Male,34,8,49930.92538969568,3,0,0,188351.48555842228,1
239,27157622,Weeks,842,Germany,Female,59,6,89397.16290230372,4,1,0,103234.06509951894,1
240,81839305,Hobbs,474,France,Female,72,8,16165.592934726481,4,0,0,41201.70320093317,0
241,37109197,Shannon,301,Spain,Male,55,7,80269.0464746145,1,1,1,94921.56480864534,1
242,79250766,Smith,439,Germany,Female,44,2,140352.39851915193,3,1,1,188129.50985929513,0
243,54153402,Peck,619,Spain,Male,40,3,95092.67933723753,2,1,0,53579.74369110811,1
244,21951951,Knapp,322,Germany,Male,79,1,51528.845637859646,3,0,0,64205.25981957617,1
245,79633480,Dunn,628,Spain,Female,50,10,15102.002499928702,2,1,1,188583.45191312258,1
246,56306704,Garcia,726,Germany,Male,45,0,104697.2836926729,4,1,0,112537.59464933154,0
247,39512727,Murphy,745,Spain,Male,53,4,30801.18848876041,1,1,1,88957.17279644955,0
248,40226449,Green,322,Germany,Female,61,4,43052.05462673803,2,0,0,87714.66273628443,0
249,41636800,Mitchell,735,Germany,Male,29,8,180325.78092490838,2,1,0,33317.38766919668,0
250,38181075,Sanchez,458,France,Male,19,6,135718.3011917449,2,0,1,141496.99142317314,1
251,92990508,Calderon,679,France,Female,55,3,124744.16175054297,1,1,0,160266.94360786877,0
252,72970096,Smith,695,Germany,Female,31,2,18007.431556046515,1,0,0,90738.46875422206,1
253,25479317,Olson,404,Spain,Female,67,9,153376.8729441353,3,1,1,147127.80748551348,1
254,12290299,Young,401,Germany,Female,37,7,34537.7719584737,3,0,1,162809.9280785223,0
255,54085241,Curry,726,Spain,Female,48,10,54749.13753710813,3,0,1,34459.57342095443,0
256,43130822,Hunter,645,Germany,Female,67,5,176337.4921999681,3,1,1,33178.1633221706,0
257,24089679,Powell,418,France,Female,64,0,109402.38555882586,4,1,0,141476.45555798037,0
258,44938639,Livingston,763,Spain,Male,71,5,138970.8647807385,2,1,0,155890.5929220573,1
259,68644238,Kline,475,France,Male,42,2,19966.381731433215,3,1,1,154789.30902367548,1
260,96983029,Cummings,741,Spain,Male,33,9,76563.60613589712,4,1,1,20594.445335420867,0
261,30847915,Velasquez,798,Spain,Female,46,7,50115.865848143,1,1,1,167028.59421257154,1
262,74347189,Allison,672,France,Female,24,9,125935.30845531344,3,0,1,56927.46869479377,1
263,48259552,Collins,605,Germany,Male,55,7,147071.74833365568,4,0,0,11211.229453686155,0
264,53081656,Johnson,844,Germany,Female,25,4,117372.58059512154,4,0,1,185897.41241044068,1
265,58293500,Moore,304,France,Male,29,5,113910.07956924832,2,1,1,155818.40178616886,0
266,84353339,Wilson,433,France,Male,78,7,188361.57522838708,4,1,0,37325.82451205558,1
267,86405463,Miranda,811,Germany,Male,21,10,109371.72478379718,2,0,1,156635.88430328117,1
268,28051973,Kemp,776,Spain,Female,24,2,167787.88280737394,4,0,0,75084.72160218921,0
269,40906832,Baldwin,437,Germany,Male,79,3,180687.41700959706,1,1,1,167906.8802779325,0
270,30945346,Schaefer,800,France,Male,80,8,114012.3415591475,4,1,1,54003.16132294098,1
271,15346481,Burnett,311,France,Male,25,3,30996.250047804817,4,0,1,90069.32849864374,1
272,46276950,Parsons,748,Germany,Female,75,1,160545.01322101956,4,1,1,72529.7273145659,1
273,84368324,Morgan,466,Spain,Female,48,1,47134.039715471874,4,1,0,29937.48272328714,1
274,78628125,Brown,831,Spain,Female,38,6,171332.02562757715,4,0,1,31094.854859220843,0
275,94104153,Thompson,342,Germany,Female,69,8,83557.54815872552,2,0,1,87223.7017946612,0
276,56609088,Roach,521,France,Female,21,3,114629.20477883898,2,1,0,63946.2107254541,0
277,51725126,Mccarthy,539,Spain,Male,48,0,50322.81303254358,1,0,0,154748.7713930828,1
278,53019403,George,570,Germany,Female,76,10,124496.43271190047,4,0,1,31115.138650773104,0
279,33164814,Lopez,488,Spain,Male,38,7,191108.4131261678,3,0,1,136032.92627440687,1
280,32837951,Willis,427,Germany,Male,78,4,145435.0269771431,3,0,1,50049.05581677825,0
281,65626302,Barrett,759,Germany,Male,69,3,157437.27106898214,2,0,0,142154.1186511857,0
282,97154400,Wilson,589,Spain,Male,50,4,81301.86518125162,2,1,1,168124.43865903857,1
283,74198132,Wade,442,Spain,Female,44,1,111734.30528905717,1,0,0,89744.14872651653,0
284,27219147,Garcia,680,France,Female,27,2,190355.9516393317,4,0,0,45214.721652517954,1
285,23627168,Guzman,826,France,Male,34,5,74479.6893289636,3,1,0,171639.49928799656,0
286,64475728,Johnson,632,Spain,Female,79,4,167215.1613371251,1,1,1,85953.63656182103,0
287,84809770,Graham,805,Spain,Female,50,10,12383.9482144122,2,0,0,137752.26677337848,0
288,39922933,Cooper,591,Germany,Male,48,0,88152.5199346002,1,1,1,100155.14638629007,1
289,13163396,Pierce,425,Spain,Female,41,1,187012.09387614133,1,1,1,121651.06187875614,1
290,13197877,Clements,332,Germany,Female,51,8,9860.933466862765,2,0,0,170853.8415132823,0
291,54955209,Huynh,613,Germany,Female,68,5,139709.70976682965,4,1,0,89193.51989324029,1
292,71791191,Lang,708,Germany,Male,20,0,140348.59025211283,2,0,1,86173.1376590608,1
293,21473674,Harris,310,France,Male,44,1,115968.90235407966,1,0,1,85115.16450221509,1
294,72928535,Thompson,528,Spain,Male,75,10,4847.088885708661,4,1,0,199226.92670239773,1
295,25106635,Price,549,Germany,Female,22,8,89367.50282164542,4,0,0,81836.0360430734,1
296,22600311,Wright,326,Spain,Female,31,3,40827.36320529454,2,1,1,187847.16563084713,1
297,47282013,Miller,663,Spain,Male,38,7,18781.566493578383,2,0,1,187250.37508251113,0
298,74407139,Hernandez,424,Germany,Male,52,7,21977.04230774329,3,1,0,26166.53693207179,0
299,99461245,Mills,545,Spain,Female,29,5,194433.12217044315,3,1,0,64158.59294954254,0
300,58860910,Tyler,841,Germany,Female,66,9,40313.479516969885,2,0,0,50448.985172611276,1
301,29049558,Turner,536,Spain,Male,30,8,59205.64865046607,4,0,0,156503.4691606729,1
302,32071888,Elliott,457,Germany,Male,27,9,136166.21127945,4,1,0,60710.90881587908,0
303,70226434,Perkins,564,Spain,Male,54,5,82776.73565156187,1,0,1,187268.8867963323,0
304,60346571,Schmidt,455,Spain,Female,53,7,65952.602714087,4,1,0,27734.76871860771,0
305,28898775,Russell,705,Germany,Male,29,6,73028.80669360301,2,1,0,123903.2211199698,1
306,72648208,Martin,532,Spain,Female,36,7,63474.641423328656,1,1,0,142213.978324875,0
307,56436800,Carey,495,France,Female,63,6,44305.3273992152,1,0,0,46569.46198345329,0
308,74567962,Rodriguez,674,France,Female,30,3,112247.41294927822,2,1,1,130946.41901396343,1
309,10994407,White,629,Spain,Male,32,4,113649.28856117751,1,0,0,175003.43460272957,1
310,80549643,Dennis,609,Spain,Male,54,7,124562.84124954409,3,1,0,143318.54949361904,0
311,46415052,Parker,748,Spain,Female,30,4,138869.55995264035,2,0,1,68537.12900284733,0
312,60076043,Martinez,736,France,Female,76,7,51299.41256596617,2,1,0,49948.33114851781,0
313,14071612,Moore,487,Germany,Male,72,9,56930.725048932974,2,0,0,180503.14745515204,1
314,25001990,Watson,377,France,Female,30,4,171542.13140756876,2,0,0,42231.469769080446,1
315,53876591,Baker,663,France,Female,50,2,125927.61183008109,1,1,1,50753.34959094177,1
316,56139975,Rodriguez,431,France,Female,66,3,124411.88276777175,4,0,1,146931.9285741274,1
317,47691701,Macias,640,France,Female,73,3,69036.36436648601,1,0,1,91975.55902016145,1
318,69904796,Ford,757,Germany,Female,65,6,177470.1411781338,4,1,0,29132.332011742896,1
319,97633577,Baker,590,France,Female,19,9,165847.25935794227,4,0,0,114352.9047304505,1
320,77847592,Frye,746,Germany,Female,27,1,59818.821549343236,2,0,1,85744.83223922449,1
321,73109916,Romero,844,Germany,Male,26,2,165201.85946661155,2,1,1,25266.81389369983,0
322,14150210,Hart,446,Germany,Female,73,10,37119.250880015396,2,0,1,26418.102438036938,0
323,71125338,Davis,414,Germany,Female,45,10,65309.26062192994,3,0,0,162341.69831724194,0
324,60013940,Flores,473,France,Female,72,5,23534.60506776026,4,0,1,95050.55865448188,0
325,62999344,Stephens,654,Spain,Female,45,5,28695.497673794467,4,1,0,124591.23100679922,1
326,68389050,Rivera,741,France,Female,32,1,18988.349684909546,4,1,1,49580.830905799165,0
327,87367182,Henry,560,Spain,Female,27,5,117831.86738037498,4,0,0,147683.29467217656,0
328,19965990,Thompson,750,France,Male,45,1,188261.3176574964,4,1,1,162147.39794973913,0
329,55466699,Webb,761,France,Male,36,5,126757.8460509213,1,1,0,171723.82174559333,1
330,40596765,Farley,754,Germany,Female,46,10,66959.7912611025,4,1,1,183371.7854002398,1
331,91951029,Thomas,733,France,Female,69,6,146449.59377306537,2,0,1,170347.76738105976,1
332,81449160,Diaz,757,Germany,Male,66,2,149655.09229073048,4,1,1,64861.705169423156,1
333,92074950,Nelson,594,France,Female,26,5,170097.75528034248,2,0,1,198734.34705551263,0
334,48275464,Ballard,594,France,Female,56,5,92351.05742386183,3,1,0,62476.76053106901,0
335,30704440,Poole,536,France,Male,19,10,105204.74819722203,3,0,0,148307.85708145684,1
336,49713954,Beck,313,Germany,Male,53,5,181483.0360641758,4,0,0,62703.114834459346,1
337,45967068,Bradford,458,Spain,Male,43,2,77900.52153408794,4,1,1,92971.19527721513,1
338,14276653,Robinson,434,Germany,Male,40,9,9032.011322583001,4,0,1,97604.4967312768,1
339,35393116,Campos,787,Spain,Male,52,0,15513.373316402924,2,0,0,139913.93342884828,0
340,51713683,Zavala,311,Spain,Female,67,9,187617.38205985562,4,0,0,198791.32525477238,0
341,26411500,Hansen,501,Germany,Male,18,5,110997.46023453116,2,0,1,39038.49086986453,1
342,83876083,Ross,622,France,Female,34,1,16814.662229415102,2,1,0,164906.6505660721,1
343,85560066,Dixon,740,Spain,Male,26,5,136160.4996296442,1,0,1,184648.85075309893,0
344,31909193,Nichols,390,Spain,Male,74,6,151500.07970010853,3,1,1,165095.43444964924,1
345,95941258,Wood,486,France,Female,69,5,35181.95175043573,1,1,1,45436.80265948175,1
346,62362340,Thomas,705,France,Male,35,5,199682.21913950852,3,1,1,78776.40476787758,0
347,78155714,Petersen,790,France,Female,57,6,137069.24875809852,4,0,1,70565.07254596826,0
348,98251710,Fisher,699,Germany,Female,32,8,73367.09763860756,4,0,1,170701.03066761303,1
349,97105586,Hardin,678,Germany,Male,29,6,20449.44881645052,3,0,1,76903.03701717485,0
350,18044515,Keller,581,Spain,Male,72,10,129676.1895825858,1,1,1,70513.56250146881,1
351,30054749,Mccullough,318,Spain,Male,40,2,29685.27065393549,3,1,0,14343.920058004598,1
352,64142120,Bell,388,France,Female,44,10,163049.98090658546,4,1,1,132572.192902235,0
353,66475073,Duran,468,Germany,Female,66,3,193747.52540422443,1,0,0,14153.565616412747,0
354,98288767,Sanford,376,Germany,Male,20,6,135085.85898084744,3,0,1,46738.67903282164,0
355,47530626,Holder,473,Germany,Female,43,1,23076.142617120255,3,1,0,177868.20500022368,1
356,50580345,Elliott,432,France,Female,44,2,136716.41532787672,2,1,0,178262.40345041535,1
357,92348039,Moore,308,Germany,Female,77,0,192834.47744295545,1,0,0,128876.3135689141,0
358,30242348,Jacobs,672,Spain,Female,46,7,36452.80169715679,4,0,0,144672.83571557744,0
359,90046779,Rojas,767,Germany,Male,53,5,46654.786846319876,1,0,1,121579.99540664363,0
360,62098506,Diaz,555,Germany,Male,21,8,177324.76375941568,4,1,1,77932.719767869,0
361,60990223,Bradley,819,Spain,Male,70,8,98170.6318832424,1,1,0,144483.0912327191,0
362,23271564,Day,833,Spain,Female,32,2,93510.0985929187,2,1,1,117957.58315547775,0
363,70610681,Henry,527,France,Female,80,2,59134.84534746838,1,1,0,65667.58700063749,1
364,41253249,Brown,687,France,Female,77,3,135474.09280069644,1,1,0,86060.98735417302,0
365,64359105,Patel,762,France,Female,68,6,118243.9938127548,2,0,1,66825.8519947674,1
366,20528484,Huffman,349,Germany,Male,61,1,187650.21776120036,4,0,0,123917.95027834852,0
367,96312881,Parker,388,Spain,Male,22,2,145864.21815535834,3,0,0,35201.98985382184,0
368,46759881,Alvarado,726,France,Male,46,1,126167.67894596046,4,1,1,35765.88791137599,1
369,97749801,Parker,403,France,Female,25,4,41084.82614497064,4,0,0,141255.9599606426,1
370,76969838,Beck,453,Germany,Female,30,7,153923.3658869597,2,0,1,152777.34047192128,1
371,25933701,Yoder,582,Germany,Male,20,0,76451.45350743097,4,0,0,180695.43185885003,1
372,64511871,Wells,647,France,Male,29,10,6829.172185969745,3,0,0,193549.20718794095,0
373,92942409,White,765,Spain,Female,75,7,192356.94867588725,2,1,1,82411.91509653891,0
374,23266213,Weber,389,France,Female,49,1,197775.83254851212,3,1,0,153857.46173241793,0
375,75849848,Miller,373,Germany,Female,35,10,103504.58004181877,1,1,0,178657.74043619994,1
376,50454698,Osborne,400,Spain,Male,78,9,50218.639330824044,1,0,1,22924.72418676126,0
377,87851877,Fisher,664,Germany,Female,21,0,74440.15504714339,4,1,0,24546.70507940449,0
378,86084798,Armstrong,734,Spain,Male,49,9,84709.2936204347,2,1,1,41127.01768806849,1
379,73057080,Alvarado,621,Germany,Female,48,0,102295.0052451515,1,1,0,50900.52330645061,0
380,21020460,Garcia,567,France,Male,19,5,131458.35528772135,4,1,0,101367.89812255705,1
381,33558366,Weaver,482,Germany,Male,76,4,177781.18803740127,4,1,0,159022.92465828135,1
382,61383826,Andrews,802,Germany,Male,78,7,68001.79410588052,1,1,0,102950.98789002445,0
383,65777603,Weaver,313,Germany,Male,34,9,137690.0265898098,3,1,0,154928.72999860946,0
384,39565049,Simon,822,Spain,Male,50,6,91747.35187705178,2,0,0,142477.53492763996,0
385,76274094,Quinn,571,France,Female,72,9,148540.27458977487,4,0,0,47372.56324399497,1
386,66519054,Holden,793,France,Male,23,2,22562.133146899698,4,1,1,63867.22548873759,1
387,28064424,Gray,406,Germany,Male,53,3,183334.9176477026,1,0,0,119204.13484263516,1
388,78378349,Cardenas,746,France,Male,18,2,70566.7446923057,3,1,0,199320.1836953077,0
389,41390445,Campbell,665,Germany,Female,73,4,2818.4685603229063,1,0,1,98715.95300475904,0
390,92083254,Kim,807,Spain,Female,47,4,77856.0781890346,4,1,0,80604.01888259413,0
391,46887757,Shelton,742,France,Male,75,4,25250.970523623306,3,0,0,85154.4615326821,1
392,71508629,Reyes,481,Germany,Female,46,9,41276.38014172972,4,0,0,95499.32142540606,1
393,87925163,Guerra,811,Spain,Male,40,2,116957.60427286681,3,0,0,161407.27090044084,1
394,36560942,Mendoza,647,France,Male,54,7,101528.48262403335,2,1,0,173971.9531242202,0
395,42723571,Young,792,France,Male,18,7,42184.379935660756,4,0,0,84182.04788687864,0
396,17318440,James,537,France,Female,24,5,97823.22611471954,2,1,1,133574.78910521115,0
397,44153359,Simon,529,France,Male,31,5,150683.9890949835,4,1,1,188504.78807807344,1
398,49600961,Wright,499,France,Female,34,1,133243.65056392428,3,0,1,15445.700583061389,0
399,44695275,Smith,412,France,Male,18,5,138552.49656720442,2,1,0,36091.8960805009,0
400,44108074,Ferguson,757,Germany,Female,66,1,127127.02265766001,1,0,0,97272.33356576496,1
401,98588954,King,845,Spain,Female,78,5,35388.215383466435,1,1,1,124716.40507337257,0
402,98479297,Phillips,401,France,Male,23,8,71879.04040258373,1,1,0,31227.08672416535,0
403,43318254,Skinner,353,Spain,Female,40,8,122303.40202239138,4,1,1,13805.66541003146,1
404,60070549,Jennings,677,Spain,Female,53,3,6662.274105301691,1,0,1,96092.07057497064,1
405,62799827,Greene,474,Germany,Male,75,1,94421.7956981007,2,0,0,199532.8841539891,1
406,47799056,Rodriguez,482,Germany,Female,47,0,36165.543163540635,1,1,1,156874.4196811935,0
407,23208367,Ramos,543,France,Female,79,5,109661.20515306926,3,1,0,110655.78210256001,1
408,74410942,Harris,403,Spain,Female,77,8,176554.56432938218,3,1,1,114710.00653995929,0
409,94164544,Mack,441,France,Male,54,9,51964.14124309625,1,1,0,192744.40444256546,1
410,86236757,Foster,323,Spain,Female,25,8,119424.05488242018,1,0,1,45940.956718254645,1
411,31031868,Diaz,704,Spain,Male,71,8,169214.66296669128,2,0,1,128529.47002104331,0
412,24214660,Lopez,836,Spain,Female,53,4,120206.97033272606,4,0,1,53530.41234261468,1
413,95818689,Farmer,561,Germany,Male,28,4,43316.75249220877,4,0,1,165288.46562708542,0
414,10382502,Sanders,637,France,Female,43,3,148386.54357225777,3,1,1,130295.78334032425,0
415,69773006,Rodriguez,425,France,Male,24,2,84231.35826682333,2,0,1,80062.81848339162,0
416,91514822,Fisher,579,Spain,Female,67,9,62322.40235566642,3,0,0,80721.43366582482,0
417,87931243,Morgan,657,Spain,Female,44,0,59052.84414775265,3,0,1,79364.73899169346,1
418,75604512,Gordon,462,Germany,Male,40,3,155824.1169310716,4,1,0,177036.35724143227,1
419,84222273,Sims,823,Germany,Male,68,10,150681.64745546968,2,0,1,117298.80477888904,0
420,43673887,Singh,506,France,Male,65,7,31880.311803187244,4,0,1,62564.727193419276,1
421,76295867,Burnett,300,Spain,Male,60,5,73037.43078940189,1,1,1,38586.90267307864,0
422,98366875,Crawford,321,Germany,Female,28,6,165823.70769716127,1,0,1,85338.74321441774,1
423,23544004,Beck,839,France,Male,57,0,130323.7071878647,3,0,1,82086.404332631,1
424,67912440,Thomas,391,Spain,Female,23,5,149706.48216175032,2,1,1,173648.96378878446,1
425,17325871,Morgan,813,France,Female,60,3,3516.544012460221,2,0,1,153282.11050282462,0
426,41729807,White,700,France,Male,70,6,195803.32221659375,2,0,1,30329.258739594516,1
427,88681273,Boyd,736,France,Female,36,8,5594.117003612409,1,0,1,62894.954656372276,1
428,93250786,Mitchell,635,Spain,Male,55,10,184447.18490213965,2,1,1,191888.17680118824,0
429,91329801,Brown,357,Spain,Male,75,4,13032.670887756214,1,1,1,85475.04149305577,0
430,23878496,Jefferson,480,Spain,Female,27,4,120198.14774665551,1,1,0,14224.140612675867,1
431,33908728,Burton,692,Germany,Male,62,2,158147.11473623643,3,0,0,94190.1666280258,0
432,91849137,King,648,Spain,Female,24,8,38401.820790783626,4,1,1,158022.2296076353,1
433,42794901,Vasquez,364,Germany,Female,74,1,144553.77805517107,1,1,0,94073.84499298122,1
434,75709448,Stephens,610,Germany,Female,77,9,138969.00636927877,4,1,1,170974.85002813267,1
435,83003192,Spears,565,Germany,Female,59,10,88731.65102894718,3,1,0,160827.80747457093,0
436,94422673,Smith,675,France,Female,62,2,175424.5240081904,2,1,0,136540.0954832454,1
437,19274222,Taylor,306,Spain,Male,70,9,80788.97641785807,2,0,1,23891.116037215357,0
438,70475942,Patel,495,Spain,Male,56,6,146814.18737023836,1,0,1,124177.01300545306,1
439,57677317,Smith,817,Germany,Male,20,4,196449.04016220602,2,0,1,126350.55787643987,1
440,68421373,Kaufman,850,Spain,Female,70,7,56438.59292768778,4,1,0,174757.113565431,0
441,36599923,Davis,781,France,Female,53,6,107430.60405621385,1,1,1,19847.611762269582,0
442,82123153,Gutierrez,558,Spain,Male,52,8,82069.08464008091,4,0,1,150767.59933187222,0
443,54096775,Fleming,844,Germany,Male,76,6,42860.03640956828,3,1,0,189358.06222940492,0
444,33525154,Coleman,766,Spain,Male,68,6,121394.09735039875,2,1,0,12940.20918057968,1
445,34409126,Snow,691,Germany,Male,32,2,170853.884563178,1,1,1,179761.40120171238,0
446,45473158,Anderson,803,Germany,Male,44,5,99195.37627678666,4,1,0,25149.20140245247,0
447,57979534,Marshall,539,Germany,Male,64,2,176573.7009644391,1,0,0,11804.004060968362,0
448,59737679,Nelson,336,France,Female,38,10,66404.01683970651,1,1,1,160466.25977370402,0
449,71291548,Boyd,594,Spain,Male,65,7,175492.91908372467,3,0,1,194522.82190782452,0
450,40962656,Morales,662,Germany,Male,70,0,108996.27292268173,3,0,0,177291.00583640713,1
451,20322905,Taylor,679,Germany,Male,20,6,187132.26198873142,3,1,0,50221.599207702355,0
452,80792340,Holt,306,France,Male,73,8,184876.15724913814,3,1,1,165338.04384501305,0
453,49334428,Gallegos,343,Spain,Male,46,4,174565.77241683548,3,0,0,55804.242918968834,1
454,55647270,Mccoy,636,France,Male,34,1,25951.49726318038,3,1,1,168737.18643249825,0
455,12624871,Barnes,535,France,Female,67,5,177916.82656311765,1,0,1,99638.34006797898,1
456,64834297,Williams,767,France,Male,30,9,28881.69427300251,1,0,0,118335.79485505525,0
457,34938186,Arias,783,Germany,Male,64,6,168848.27812728722,1,1,1,47783.875315209916,0
458,20570528,Smith,323,France,Female,50,4,194483.3875909477,4,1,0,148865.90805769275,0
459,97578146,King,824,Germany,Male,63,3,162434.5823612467,1,0,1,60260.7528812651,0
460,62019683,Garcia,838,France,Female,28,0,191987.08934577036,2,1,1,116261.81783410162,1
461,97462639,Ritter,835,France,Female,71,6,77340.53361715855,2,0,1,87902.96499107714,1
462,18764714,Richard,469,France,Female,53,3,191589.23400105655,2,0,0,139317.87635010254,1
463,28379456,Walker,463,Spain,Male,33,5,107317.36044312896,4,1,1,67254.43117726612,1
464,82956854,Walsh,383,Germany,Female,31,2,180231.9252190455,4,0,0,10720.619793152813,1
465,80316875,Gibson,582,France,Female,36,9,82823.1547750471,2,0,0,48092.5242045469,0
466,14720197,Miller,773,Spain,Female,20,4,66112.98912439487,3,0,0,16098.022898740157,1
467,64553187,Reid,596,Spain,Male,53,3,188236.8294624643,1,1,1,19270.500152364126,1
468,28314956,Fisher,477,Germany,Female,63,4,35978.80864091387,1,1,0,132711.24423507618,0
469,93591777,Terry,679,France,Female,45,2,130272.68243448975,3,1,1,112863.78794746014,1
470,48353037,Shields,533,Germany,Female,56,8,108732.89052508897,3,1,0,31481.828791707263,0
471,67740707,Perry,721,Spain,Female,77,9,160939.3202708072,3,1,0,164075.72664205974,1
472,26876574,Dean,513,Germany,Female,37,8,132577.48235288798,2,0,1,170313.32688333007,1
473,43787740,Espinoza,624,Germany,Female,72,9,83352.64828267708,1,0,0,63118.99654913037,0
474,83473949,Keller,348,Spain,Male,39,5,103238.95022570182,3,0,1,173536.4906780932,0
475,25185361,Greer,537,Germany,Female,49,10,162291.82830510542,4,0,1,117131.12292132365,1
476,44440479,Bailey,551,France,Female,60,7,3337.153578952257,2,1,0,152921.08944996056,1
477,32594529,Lee,655,Germany,Male,30,9,89665.11903254675,1,1,0,87503.24665489644,0
478,31442106,Day,643,Spain,Male,54,5,131420.50887928135,2,1,0,132653.62956815847,1
479,47608424,Neal,372,Germany,Female,31,1,92265.28050215055,3,1,1,58130.048600285,1
480,59685115,Montgomery,544,Germany,Male,51,5,162929.79724414053,2,0,1,87790.58560744708,0
481,29566836,Lewis,458,Spain,Female,74,10,197688.9524255424,1,1,0,43312.25908988938,1
482,67532449,Reilly,518,France,Male,65,9,98593.2412949994,4,1,0,197777.43918200769,0
483,68620492,Washington,706,Germany,Female,67,7,60277.026023023274,4,1,1,125400.75489250563,1
484,90179869,Williams,402,Spain,Male,58,8,438.56712391565634,3,0,0,122353.3189348094,0
485,26093385,Bryant,406,Spain,Female,41,3,177810.1604832535,1,0,0,119323.76230935221,1
486,27711172,Medina,348,Germany,Male,70,10,23364.37175248507,2,0,1,198285.2664290915,1
487,23848762,Michael,445,France,Female,46,1,156133.59456765788,3,0,0,162502.9412643793,0
488,96367746,White,482,Spain,Male,26,10,186430.6358064878,1,1,0,96422.10258339207,1
489,29750313,Landry,329,Spain,Male,47,8,112938.6013118858,1,1,1,185895.13083499737,0
490,41173657,Shields,535,Germany,Female,48,0,96675.46490137442,4,1,1,66341.97191901959,0
491,46833157,Phelps,352,Spain,Male,80,0,92532.98174836749,3,0,0,181427.51360447146,0
492,18279837,Cochran,515,Germany,Female,59,8,85166.02891559817,2,1,1,65973.61286079827,1
493,62721727,Reese,330,Spain,Female,77,6,83115.99241580641,2,1,1,56941.101695213874,0
494,45028123,Gordon,410,France,Male,18,7,167677.2115119773,2,0,1,49780.40057395034,0
495,76538929,Travis,420,Germany,Female,21,2,135105.99619822126,1,0,1,61206.18839256575,0
496,42401139,Sherman,731,Spain,Female,35,6,111298.27011986743,1,0,1,25397.998146236707,1
497,65576076,Parker,695,Germany,Female,28,0,56034.00487145631,1,0,1,42705.04007512673,1
498,41558747,Woodard,355,Germany,Female,34,3,109112.10989305675,1,1,1,149432.45656201933,0
499,61845909,Martin,593,France,Male,77,10,192033.4917729674,4,0,0,176966.65522726928,0
500,55398416,Gardner,810,Spain,Female,37,2,190089.41317306858,4,0,1,32453.44930330165,1
501,24482084,Bennett,709,Germany,Male,69,5,83535.12337743252,1,0,0,117186.44418554344,1
502,57806317,Cole,326,Germany,Female,78,10,66180.90168599733,1,1,1,152662.71445698434,1
503,65016311,Decker,508,Germany,Female,63,0,135275.09737076386,2,0,1,57364.88937806854,0
504,11891376,Douglas,780,France,Female,67,3,47619.78803178457,3,0,0,151797.3203512845,1
505,27875527,Tucker,477,Germany,Male,58,2,10817.007310703142,4,0,1,71104.29635226153,1
506,82082943,Parker,781,Spain,Female,28,3,156845.80477932616,1,0,1,53810.800102038054,0
507,28437923,Elliott,701,Germany,Male,21,10,13698.619085814289,3,0,1,30400.198053297525,1
508,34471355,Klein,746,Spain,Female,20,6,59953.62205064965,4,1,0,199152.96604712552,0
509,43339496,Weber,819,France,Female,77,7,65516.65571299956,2,0,0,158315.84223869894,1
510,37570762,Mays,661,France,Male,65,0,15397.333229626553,1,1,0,32750.397245647662,0
511,50122491,Foster,321,Germany,Female,32,4,150074.31921553632,1,1,1,25276.161616263606,0
512,50904143,Gardner,370,Germany,Female,58,8,894.4360465709789,3,0,0,69122.5264532763,1
513,84114156,King,627,France,Male,41,4,56695.250596223865,3,0,1,108190.60394344045,0
514,51800681,Montgomery,598,Germany,Male,37,5,164269.2392176615,1,1,1,119689.43367166143,0
515,65423154,Decker,696,Spain,Male,45,8,23622.122521919286,3,1,1,155164.77171286292,1
516,57126204,Thornton,816,Germany,Male,55,2,93271.70801702968,2,0,1,179616.36726401394,1
517,46820714,Ramsey,381,Germany,Male,42,6,72656.5718266792,4,1,0,62984.91955208496,0
518,73427308,Lee,737,Germany,Female,50,5,163255.3682671509,1,1,1,199323.56048501105,1
519,99040526,Simmons,678,France,Female,20,1,24434.31946654928,1,1,0,159962.5363896572,1
520,98395628,Montgomery,656,France,Female,37,1,40293.700810027854,1,0,0,184019.9349984073,1
521,74990853,Moreno,594,Spain,Female,45,4,155788.64474831725,4,1,0,188708.50244141807,1
522,60426879,Hansen,666,Germany,Female,76,7,109146.20266234226,1,0,0,195363.64603928546,1
523,55272653,Jones,456,Spain,Female,47,5,107190.84785148055,4,0,0,73581.03940384803,1
524,43468021,Chavez,485,Spain,Female,26,10,178376.11082735882,1,1,0,65569.53212033835,1
525,25484035,Jones,522,Germany,Female,74,2,174094.54392522332,4,1,0,20873.667460269568,1
526,38541070,Owens,619,Germany,Male,71,9,104878.98305298078,4,0,1,78099.89758934693,0
527,71011595,Norton,476,Germany,Male,52,1,124389.9961158718,4,0,1,184277.1978406372,0
528,76257725,Velazquez,835,Spain,Male,59,2,64908.39215839208,1,1,0,77654.8195388524,1
529,53064000,Edwards,579,Germany,Female,36,10,162434.98795513966,4,0,0,42381.67395671837,0
530,73583767,Ramirez,583,Germany,Male,59,7,82939.90066366625,2,1,0,65992.3042553491,1
531,35429301,Garcia,809,Spain,Female,43,6,5598.160044921152,3,0,1,199557.6511790839,1
532,76000712,Williamson,384,Spain,Female,77,4,135156.32043059295,1,0,1,122137.9456192202,0
533,75046777,Chavez,558,Germany,Male,69,3,79612.74787972964,2,1,1,164942.70837863893,1
534,52241549,Cook,523,France,Female,37,5,27621.30937358933,3,0,1,152304.69095255452,0
535,82657656,Harris,381,Spain,Female,47,10,66645.47933585044,1,1,0,163813.76936943748,1
536,50858213,Evans,515,Spain,Male,72,9,77490.991865841,2,0,1,172519.23182658688,1
537,17410460,Reyes,837,France,Male,37,2,117689.07115877782,4,0,1,100816.54656599899,0
538,88273003,Taylor,445,Spain,Female,71,6,126600.47547494812,3,0,1,186692.24478276746,1
539,42982017,Anderson,844,Germany,Female,23,1,126942.62519429218,2,0,1,117871.6694708583,0
540,59402881,Jones,561,Spain,Male,21,6,159225.0144134831,2,0,0,36121.05019078907,0
541,82788517,Moore,423,Spain,Female,26,8,58330.82982084295,2,0,1,166606.4772370504,0
542,55767185,Goodman,771,Spain,Female,25,6,1577.648425873046,1,0,1,71312.17285394273,0
543,31346599,Jackson,660,France,Female,69,6,88136.80295397936,1,0,0,85659.54709393339,1
544,93253186,Bowers,318,Spain,Male,80,4,48144.16458592794,2,1,1,198002.33537207166,1
545,80693479,Carney,451,Germany,Female,31,4,138913.63210446722,4,0,0,52528.01229291142,1
546,40218112,Ellis,545,Germany,Male,40,7,31241.140634161213,2,1,1,106473.9805519017,0
547,59523327,Scott,791,Germany,Female,69,6,3208.327842179437,2,0,0,119591.57047030753,1
548,54943910,Bailey,464,Germany,Male,22,2,172223.64275294228,1,1,1,98559.98252790776,1
549,19475940,Webb,743,Spain,Male,37,0,72624.6527540676,4,1,0,104711.78505595337,1
550,42591311,Harris,383,Germany,Male,74,7,33242.260875053464,2,0,0,187037.84259131036,1
551,34281858,Anderson,763,Germany,Male,30,10,195600.55305025988,3,1,1,184169.20005603493,1
552,15181084,Frye,839,Spain,Male,58,5,115564.46113252414,4,0,0,12025.042542062383,0
553,74317367,Lawson,308,France,Male,65,8,33774.01919150613,2,1,1,56744.572425694176,0
554,63992503,Mcclure,436,Germany,Female,69,10,132715.56846118442,4,1,0,50144.84831250059,1
555,61152931,Johnson,848,France,Male,42,8,58704.36216721677,3,1,1,20244.978853783025,0
556,36596074,Burns,442,France,Male,20,4,94245.50636228413,1,1,1,134054.8694663387,1
557,21804864,Porter,512,France,Male,61,8,108204.62036891402,4,1,0,169528.6482386823,1
558,29799943,Branch,841,Spain,Female,34,0,2642.020355723429,1,0,1,142395.1749656632,1
559,52459833,Collins,712,France,Female,36,8,52461.31225145247,3,0,0,138934.2257349947,1
560,15485943,Vega,306,Germany,Female,53,1,133175.9647927065,1,0,1,64675.444798756296,0
561,47413176,Hensley,400,Germany,Male,26,1,161961.18723708307,4,0,1,146210.5619715178,0
562,11529282,Allen,347,France,Female,20,3,419.66882351982537,4,0,1,74447.64690508966,0
563,79172206,Reyes,659,Germany,Male,44,6,108679.23895272856,3,1,1,28334.39250049273,0
564,74633216,Cooper,836,Spain,Male,66,8,88940.1181042882,4,1,0,73030.46853772746,0
565,39568750,Madden,364,Germany,Male,44,1,192081.15262586484,4,1,0,152874.24630998986,1
566,70328890,Robertson,755,Germany,Female,59,1,112277.31233354632,1,0,0,78509.20739320578,1
567,61462592,Lopez,770,Spain,Male,54,2,15764.038445532691,3,0,1,82785.89537938852,1
568,41275649,Neal,481,Spain,Male,27,5,12246.805783721193,2,0,0,53668.342950060265,0
569,65167127,Morton,379,Spain,Female,46,5,21371.09887493587,4,1,1,39833.58638281265,0
570,63661579,Barber,405,Germany,Male,72,8,41525.44484127041,1,1,1,14811.19741913912,0
571,89430403,Lopez,751,Germany,Male,41,1,145977.0382433213,2,0,1,16899.553764509197,0
572,54426000,Anderson,488,France,Male,40,0,175575.64636335408,1,0,1,57635.098790274664,0
573,40470604,Yates,769,Spain,Female,74,2,123821.28414160426,3,1,1,116736.29490333183,1
574,10275532,Hendrix,834,Germany,Female,71,3,16748.76312791649,1,1,0,151404.9646669115,1
575,43360362,Walker,422,France,Female,42,3,25177.639394092945,2,0,1,187342.91775567704,0
576,51369350,Pace,805,Germany,Male,26,6,116632.95226883252,2,1,0,65706.39137229728,0
577,36880151,Underwood,542,Spain,Male,29,9,72933.58413120126,4,0,0,186689.83328459892,0
578,27975741,Nicholson,505,Spain,Male,77,7,178915.55115294343,2,1,0,186699.0566006393,0
579,72756415,Sims,641,France,Male,75,10,134715.01044458916,3,0,1,110864.02150902689,1
580,73125465,Franco,735,France,Male,63,3,27322.176792005925,1,0,1,22541.42891254805,1
581,32390783,Larsen,793,Germany,Female,22,0,176567.24598662727,4,0,0,54406.99305723493,1
582,34152091,Peterson,466,France,Male,78,3,70901.34488870407,4,1,1,188154.50999998525,0
583,61126865,Massey,737,France,Male,72,10,37107.720235915665,3,0,0,27403.91776885823,1
584,94373003,Wilcox,802,Germany,Female,57,7,25401.055806810822,4,0,0,130223.29242023382,1
585,76163541,Schaefer,584,Spain,Male,27,10,152645.7656125338,1,1,1,52406.23327729872,0
586,77982252,Fowler,574,Spain,Female,71,7,60042.5341060699,3,1,1,183378.58498134464,0
587,85327880,Harris,397,France,Female,57,8,36194.016482310886,1,0,1,146688.32414325894,1
588,66378190,Hahn,437,Germany,Male,65,9,199503.26401047874,1,0,1,178221.15285208853,1
589,89625056,Torres,495,France,Male,60,10,10150.392016652577,1,0,0,64986.45954306269,0
590,30620705,Johnson,517,Spain,Male,49,3,97784.02254984781,2,0,0,180878.15639052607,1
591,26583186,Rivera,365,Germany,Male,19,5,154413.97940344023,4,1,1,116649.31884248632,1
592,17222886,Shelton,682,France,Male,20,2,46822.560364020974,1,1,1,199382.99104373954,0
593,55031293,Thompson,355,France,Female,66,5,132415.91840849977,3,0,1,61556.498947823544,0
594,54196366,Waller,468,Germany,Female,64,5,173475.29022152533,3,0,0,118968.73068012473,0
595,74455771,Dominguez,582,Spain,Female,21,0,44687.343501209,2,1,1,35992.74238799968,0
596,84294840,Hall,843,Spain,Male,43,6,29177.88538964994,4,1,0,116509.09144128038,0
597,53501375,Horn,667,Germany,Male,71,6,107756.19879952309,1,1,1,77590.50494054062,1
598,88927263,Payne,726,Germany,Male,67,7,64506.01695543412,2,1,1,21797.14695751087,1
599,78725066,Thomas,768,France,Male,21,5,14458.197062697931,1,1,0,124721.52727751162,0
600,29513963,Walker,454,Spain,Female,79,8,181550.23681827105,3,1,0,65376.64654720062,0
601,49336994,Johnson,844,Spain,Male,38,10,11968.636350892248,4,1,1,112885.08318544031,1
602,94027664,Allen,675,Spain,Male,27,2,106393.72092370642,3,0,1,56334.044015039166,1
603,47025797,Robinson,712,Germany,Female,74,10,136438.5478727024,4,0,0,114421.16571966185,1
604,49670219,Cook,746,Germany,Male,44,2,143427.80204817993,4,0,1,66685.20313305547,0
605,94942895,Johnston,355,France,Male,23,3,100548.14981969647,3,0,0,194620.13348261447,0
606,11025635,Davis,837,Spain,Female,72,9,25661.901958050737,3,1,0,52393.65841739366,0
607,96121600,Carter,823,Spain,Female,28,6,107916.59094550848,2,0,1,72083.36882427297,0
608,53150296,Morgan,602,Spain,Female,47,9,28607.569569910727,4,1,0,40104.80739380699,0
609,69529699,Monroe,500,France,Female,39,2,18646.175805876243,4,0,0,64722.011008507994,0
610,71787511,Allen,735,Spain,Female,36,5,15161.783243523596,3,1,1,76899.00104610425,0
611,23569478,Clark,711,France,Female,71,10,75290.79155686955,3,0,1,108292.39558993628,0
612,48695186,Beasley,775,Germany,Male,72,9,180579.62192289496,2,0,0,17352.280476990174,1
613,84556090,Brewer,781,Germany,Female,37,7,176601.64292476,3,0,0,63711.214166663674,0
614,44857053,Molina,387,Germany,Male,59,9,105020.57583729905,2,1,0,191441.3531099431,1
615,40111076,Aguilar,791,Germany,Female,20,1,28168.373996374994,2,0,1,12887.741790908152,1
616,77873553,Thomas,510,Germany,Female,48,3,68958.48096036645,3,0,0,33029.26121548755,0
617,15123050,Perez,448,Spain,Female,26,4,42290.942129550225,1,0,0,12771.291957477108,0
618,76149653,Nelson,474,Spain,Male,63,1,63880.7713474465,2,1,0,114685.33378073413,1
619,39787617,Ellis,560,France,Male,51,4,181544.24555938412,1,1,1,161947.9721169663,0
620,25970435,Chavez,486,Germany,Female,24,2,89078.75098421123,3,1,0,23047.35894030913,0
621,26436764,Stone,764,Spain,Male,38,7,146520.86871661272,1,1,0,26963.900531976615,0
622,97164366,Hayes,532,France,Female,28,3,53244.40946307363,4,0,0,40206.18284227014,1
623,43434472,Gonzalez,453,Spain,Male,66,1,172346.90263530044,1,0,0,106184.777095891,1
624,31637919,Santiago,800,Spain,Female,71,3,32115.802347760324,3,1,0,41956.48512114401,1
625,43124142,Guerrero,325,Germany,Female,39,4,162406.5424899403,3,1,1,102671.64611861751,0
626,78629578,Cooper,601,France,Female,52,0,95860.37093989419,3,0,1,81816.1273258553,1
627,59278601,Mendoza,399,Germany,Male,75,9,131028.30966229222,1,1,0,168545.38276363513,0
628,25454153,Copeland,420,Spain,Male,43,9,11177.188602390808,2,1,1,153235.25919854012,0
629,11697559,Romero,733,France,Male,39,10,160345.62621089263,2,0,1,160958.0749471404,0
630,81832328,Reynolds,612,Germany,Male,30,3,130081.31632677426,3,0,1,95325.96729993215,1
631,59184264,Ayala,450,France,Female,42,7,159657.48061390404,4,0,0,125479.92420935193,1
632,72511129,Walker,828,Spain,Female,48,0,30585.398791645057,1,1,0,114093.22049041941,0
633,83924299,Alexander,431,Spain,Female,71,4,152122.21611576193,1,0,0,65889.3844279252,1
634,35878751,Nicholson,755,Spain,Female,68,2,198440.83480620733,1,0,0,39279.69871719007,0
635,40355989,White,656,Germany,Female,26,8,156684.25023032379,2,1,1,89560.91540852956,1
636,94085086,Wallace,512,Spain,Male,63,3,29803.327100706632,3,1,0,62738.0084872764,0
637,55983904,Colon,408,Germany,Female,73,2,108146.3814144747,3,0,0,188073.99133411588,0
638,91687153,Stone,389,France,Male,69,6,94908.51707241907,3,1,1,37602.21574021282,1
639,25668222,Braun,842,Spain,Female,43,8,94430.84561781616,3,0,0,58100.78744735249,1
640,76760329,Morgan,473,France,Female,61,5,195373.24628219675,2,1,0,141654.11871061492,0
641,33833061,Boyer,628,Germany,Male,63,9,54318.808040051226,3,1,1,60624.71836159566,1
642,17840667,Peterson,715,Germany,Male,47,2,108220.2440070867,1,1,0,41820.97477747627,0
643,12492661,Knight,812,France,Male,25,8,169794.89545619342,4,0,0,103602.83101840412,1
644,26012902,Gill,786,Germany,Female,75,8,190969.7131774904,3,0,1,33103.67281942729,0
645,19765481,Allen,678,Germany,Female,50,1,168728.38344633556,4,1,1,53149.135062793044,1
646,89959476,Anderson,837,France,Female,48,8,25886.574029272615,4,1,1,74351.74953396744,1
647,71011090,Mcgee,821,Germany,Female,49,7,36796.1959403591,1,1,1,72429.8703653992,0
648,40750551,Mack,841,Germany,Male,71,5,142053.75268923005,1,1,1,85563.06180819265,0
649,15438928,Walker,637,Spain,Female,21,8,176649.32347490446,2,0,0,100190.99235298012,0
650,60510851,White,474,Spain,Female,19,9,20338.733792418217,2,0,0,58752.60181434499,0
651,22217128,Tyler,541,Spain,Male,71,4,39604.3667394326,2,0,0,130046.35976746328,0
652,52326503,Green,722,France,Female,31,0,16563.95358367051,1,0,1,49455.11803709475,1
653,62204418,Harrell,715,France,Female,41,6,45955.653877075296,1,0,1,81305.26395570826,1
654,85303727,Bates,455,Germany,Female,47,1,179535.4326852466,4,0,0,161176.80508447942,1
655,75505851,Hurst,492,Spain,Female,59,3,11530.215725163862,3,1,1,79047.76881504494,0
656,14728949,Potts,384,Germany,Female,68,7,49224.71130860102,2,1,1,168529.1929684929,1
657,18840854,Daniels,789,Spain,Female,34,1,78102.79585771034,4,1,1,126216.63339971864,0
658,63322314,Hernandez,754,Germany,Male,27,4,140038.86255715098,2,1,1,185542.32926056563,0
659,69774157,Mckinney,773,France,Male,44,8,53440.97851022811,4,1,0,197798.73861391854,1
660,24064214,Flores,440,France,Male,22,0,168312.47989684378,1,0,1,101536.65086855607,0
661,27202191,Peterson,376,France,Female,62,4,70867.18411483061,1,1,0,160702.24704061556,0
662,27520999,Martin,811,Germany,Male,48,2,7346.694502856565,3,1,0,170056.75399904876,0
663,12891999,Boyd,588,France,Male,32,9,138046.16302626012,3,1,1,42248.186098611004,1
664,66624210,Anderson,824,France,Female,68,3,62651.623618208665,1,1,1,86098.7008190357,1
665,37428166,Rogers,706,Spain,Male,19,10,39619.61233120468,4,1,1,65117.45499722098,1
666,33285346,Anderson,821,Germany,Male,76,4,198402.58335070798,3,0,0,124322.49323367966,1
667,78329724,Dominguez,793,Spain,Female,43,7,54242.803720468815,2,1,1,80540.9729911341,0
668,43460281,Mason,483,France,Female,36,8,167368.98395550592,1,0,1,139826.17021692573,1
669,93523711,Ramirez,505,Germany,Female,60,0,80165.53318758972,3,1,1,133823.30606171832,0
670,58947136,Todd,587,Germany,Male,58,6,94951.43220035684,1,0,0,87820.033800482,1
671,81777195,Sanchez,495,France,Male,63,5,148175.7756136351,3,1,0,39902.72035868696,1
672,64281505,Miller,678,France,Male,70,6,28661.463427602852,1,1,0,45532.44559449055,0
673,96939488,Shepherd,411,France,Female,70,10,30235.194086722615,4,1,1,191631.4669400225,0
674,21585887,Carter,693,Germany,Male,74,3,181379.13222883097,4,1,1,89940.48747244985,0
675,74066290,Davis,736,Germany,Male,55,7,56874.2282535549,1,0,0,58101.89545921502,1
676,69383878,Jones,536,Spain,Female,71,8,111517.75637272205,3,1,0,68291.73639376937,0
677,97577951,Henry,616,France,Female,37,0,184043.82365572068,4,1,0,166586.95204903788,0
678,56455129,Mullins,341,France,Female,19,7,59060.98120520047,4,0,1,123015.30801851834,1
679,78439489,Hutchinson,805,Spain,Female,49,0,115279.62235344929,2,1,0,21594.753846129148,0
680,97723134,Sheppard,732,France,Male,55,1,119298.45143756586,3,1,1,68926.15224226374,1
681,64216418,Rodriguez,847,Germany,Female,27,4,136224.3878842938,1,1,1,196665.21017423418,1
682,62664211,Brown,359,Germany,Female,55,2,111052.42204007873,3,0,1,178341.03209098947,0
683,93824125,Blackwell,755,Germany,Male,71,6,30019.25972102677,2,1,0,149225.01415841354,0
684,37606716,Davenport,587,France,Male,54,8,112659.334477726,2,1,0,53768.22661362833,0
685,64455628,Hernandez,671,Germany,Male,49,0,127025.72546929847,4,1,1,189904.1771433021,0
686,35975336,Nunez,606,Spain,Male,72,4,161651.71214836746,1,1,1,186827.19140195497,1
687,72900089,Adams,742,Germany,Male,57,6,96265.29842944078,4,1,0,181341.16451201597,0
688,38283757,Taylor,565,France,Female,22,6,26147.892681003814,3,1,1,64652.482488413174,0
689,20335736,Price,728,France,Female,50,1,42727.49944900998,4,1,0,195329.39640563502,0
690,34618312,Mclaughlin,707,France,Female,69,1,197744.788537606,1,0,0,58639.7134260321,1
691,52150865,Barker,468,Germany,Male,23,2,151549.21152247628,4,1,0,125638.78236927462,1
692,83959665,Francis,785,Germany,Male,78,2,122693.57775731251,4,1,0,117789.38705322638,0
693,14224392,Miller,393,Germany,Female,52,8,106411.13424063899,3,0,1,116631.27231442869,0
694,31052275,Chandler,487,France,Male,70,4,128422.55649446497,3,1,0,55950.78246141163,1
695,53576005,Ross,605,Spain,Male,75,7,14937.003666455872,1,1,1,148798.58086103818,0
696,57549575,Dickerson,680,Germany,Male,41,10,198934.40295790162,4,0,0,78102.41289773113,1
697,13536600,Beasley,429,Spain,Male,75,7,55306.390741714706,4,1,0,63266.19122665945,0
698,57592017,Stewart,314,Germany,Male,70,6,89798.74091584845,2,1,0,167709.71416180496,1
699,24680549,Hines,332,Germany,Female,59,1,164222.43637306738,1,0,1,133970.5757722638,1
700,66340424,Buchanan,338,Germany,Female,24,0,176209.56526664548,1,1,1,142668.20544771725,0
701,33475942,Reyes,527,Germany,Male,75,9,31703.685480295342,2,1,1,26647.425606894783,0
702,73077666,Kelly,328,Germany,Female,62,0,113139.04279038872,4,0,0,121159.72417835586,0
703,10964831,Hernandez,644,France,Female,19,3,167121.08253407828,2,1,0,49160.16973639886,0
704,73992195,Ramsey,733,Germany,Male,75,8,109162.10675308171,2,0,1,66115.21810668224,0
705,31618260,Patterson,752,Germany,Male,41,9,43672.28926509332,4,0,1,157074.36125810668,0
706,10910427,Ramsey,593,Spain,Female,50,10,25779.703064041005,4,0,1,145037.58056829893,0
707,84792306,Forbes,708,Spain,Female,60,2,67649.44849891217,3,0,1,17470.967286690568,1
708,88014155,Mack,704,Germany,Female,45,5,100152.14858056643,2,1,0,189900.49948334417,1
709,52173636,Moreno,433,Spain,Male,41,9,86339.78023331182,4,1,1,55674.96294144511,1
710,90635459,Becker,411,France,Male,32,0,22285.9012098412,3,0,0,183987.69911581057,0
711,55485790,Farrell,429,France,Male,44,2,165791.35423936544,3,0,1,167102.35211438482,0
712,92764826,Jordan,695,Spain,Male,46,8,129593.97146803487,4,0,1,73524.77688648674,1
713,45816904,Lynch,419,Germany,Male,20,5,21155.22463199355,1,1,1,178592.4394803815,0
714,72311173,Bradshaw,409,France,Female,74,10,7175.2441154175895,1,0,0,72975.26082972885,1
715,21398027,Wall,364,Germany,Male,60,9,18653.14362802728,2,0,0,27352.994830822874,0
716,44690097,Osborne,451,France,Male,53,10,190819.274650429,1,0,1,179967.17516017432,0
717,92410151,Williams,837,Spain,Male,55,8,63894.76285862372,2,0,1,153469.29745632436,0
718,87443487,Raymond,348,France,Male,32,0,123412.46641331169,2,1,1,43285.129400092264,1
719,45172227,Daniels,501,France,Female,25,7,149446.2097862783,4,1,1,175271.75101783755,0
720,15028767,Hamilton,324,France,Female,35,9,183087.90549030615,2,0,1,121971.50174536365,1
721,62911877,Finley,738,Germany,Female,43,3,145732.92677045663,2,1,0,155523.32932343349,1
722,37639779,Castro,763,France,Male,54,9,47244.31444569672,1,0,1,143110.2763180385,1
723,61519270,Jimenez,402,Germany,Female,20,5,133610.93307737896,3,0,0,111284.3112902282,1
724,50360674,Solis,337,Germany,Female,70,7,131469.32085503498,2,1,1,11154.363455409346,1
725,24144098,Collier,644,France,Male,19,10,43027.83453646839,1,0,1,148787.55100294237,0
726,39153056,Barber,844,Spain,Female,49,5,130326.64462321943,3,0,1,144918.37810871954,0
727,50026349,Fritz,550,France,Female,19,6,8005.014250336262,3,0,1,130894.91732170602,0
728,88151514,Hale,815,France,Female,51,7,66185.45607232882,3,0,1,145517.35463452162,0
729,87766779,Reilly,554,Germany,Female,62,10,74668.45320952534,2,0,0,101850.79700945159,0
730,99297791,Morrow,847,France,Male,80,8,58517.52081786612,3,0,0,80398.54295633487,0
731,14631820,Forbes,671,Germany,Male,40,2,1585.2061573047083,3,0,1,43195.45095796746,1
732,92483347,Goodman,699,Germany,Female,73,4,177756.17595523546,2,0,1,194472.86215154963,1
733,55862496,Vazquez,708,Germany,Female,78,6,67122.53170408912,4,1,0,50565.97680387513,0
734,64271217,White,614,Germany,Female,49,8,189071.89811680574,3,1,0,17596.983357328605,0
735,30860265,Cole,447,Spain,Female,18,5,65848.08564805517,4,1,0,31886.522213735785,1
736,40629782,Collins,713,Spain,Male,71,5,72571.45574907861,4,0,0,17510.292363398345,0
737,72988649,Skinner,585,Germany,Female,62,5,185415.99843912595,1,1,0,98975.51183269109,1
738,17537632,Black,652,Spain,Female,46,0,95082.29887846088,2,0,0,147949.9694819264,0
739,65691369,Sanders,734,France,Male,18,6,197075.64781739502,1,0,1,109389.40925467703,1
740,46900942,Moran,791,Spain,Female,52,5,375.3339723348681,4,1,1,157463.67955430603,1
741,94509176,Warren,809,Spain,Female,62,4,91304.9362546789,1,1,0,158791.95694425082,0
742,16944740,Cross,409,France,Female,70,5,12275.061958423272,3,1,1,150599.8388193147,1
743,78231083,Erickson,570,Spain,Male,44,10,172182.3324051739,2,1,0,25414.702067900886,1
744,71435030,Woods,813,France,Male,52,1,187336.5410194245,1,0,1,192133.08177863763,1
745,95648174,Garcia,326,France,Male,23,9,132698.01010237646,4,0,0,42855.00462950986,1
746,29980881,Knapp,379,Spain,Male,79,1,186076.94877283962,1,0,0,192224.66624929456,0
747,58879832,Wright,540,France,Male,24,2,85234.35140763824,4,0,1,131955.53319485142,0
748,57938327,Lee,573,France,Female,72,7,125745.02881242076,4,1,1,46633.78758352319,0
749,87105456,Campbell,573,France,Female,19,8,105899.43838056139,4,1,0,198781.4144243553,0
750,86200011,Petersen,407,France,Male,46,7,65245.046352013094,2,1,1,149181.75967979548,0
751,62163906,Pierce,571,Spain,Female,73,0,157812.8676923241,3,1,1,131411.6322134741,0
752,74287403,Jones,827,Spain,Male,27,3,126358.4905447627,2,0,1,33031.604853738296,0
753,48529456,Johnson,772,France,Female,54,6,10625.231869917618,1,0,0,125419.7490682469,0
754,59246190,Weber,757,France,Female,68,0,86395.27248220451,2,1,1,185551.8299597451,0
755,14465057,Martin,746,Spain,Female,18,8,26557.2495548553,3,0,0,186217.17927643438,1
756,52742692,Williamson,830,Spain,Male,77,8,139490.40158394782,2,0,1,32791.40037313617,0
757,40321955,Figueroa,472,France,Male,50,8,161765.40155708813,2,0,0,71715.99193097351,0
758,15187895,Anderson,717,Germany,Male,69,9,198383.64869538834,4,1,1,173779.05855915014,1
759,77016742,James,428,France,Female,66,3,149543.86984455364,2,0,0,30682.443903611602,1
760,40307244,Cole,346,Spain,Female,60,0,98004.2268272938,3,1,0,133866.47636445676,1
761,30774194,Williams,306,Spain,Male,50,2,157135.3282693243,1,0,1,137031.41875755164,0
762,52678451,Deleon,581,France,Female,71,7,129023.1980354522,3,0,1,148597.03450225794,0
763,71441478,Cook,370,Germany,Female,41,9,130537.24175758434,1,1,1,158106.81666818794,0
764,35362041,Flores,838,Germany,Male,51,8,176262.49084493736,2,1,0,17012.670546476755,1
765,28982228,Jackson,566,Spain,Female,19,1,180067.4106116315,3,1,1,185452.61850140893,1
766,83451947,Johnson,797,France,Male,59,9,168889.62301798107,1,0,0,179873.2211727736,1
767,74792529,Evans,567,France,Female,49,7,47147.66906842329,3,1,0,163993.09456551296,0
768,19628221,Eaton,383,Spain,Female,45,2,57139.0180359016,1,0,0,162116.35045934815,1
769,29148521,Miller,474,Germany,Female,73,5,67464.34704645579,4,1,1,148722.31978285583,0
770,53618008,Johnson,763,Spain,Female,24,3,795.5347440540938,2,0,0,33528.48881982789,0
771,54167546,Hall,622,France,Male,80,9,156640.57664064976,2,1,0,57665.751426881056,1
772,24242087,Hunt,776,Spain,Male,32,9,90335.2068156916,1,1,1,89747.1807538508,0
773,20772658,Avery,541,Germany,Male,38,3,86486.47507321609,2,1,1,173661.09851588187,0
774,65375595,Wright,377,Germany,Female,56,9,116911.0753477582,3,0,0,190360.50549031055,1
775,95031563,Wade,817,France,Female,60,2,146852.0210310914,3,1,1,52451.019542266535,1
776,95964554,Taylor,730,France,Female,79,1,101548.72156215624,1,0,0,43977.25066709871,1
777,31401987,Atkinson,592,Spain,Female,80,0,62818.931882986995,1,1,0,120142.80225226884,1
778,46216800,Johnson,762,Spain,Male,71,2,195906.93040930718,1,0,1,139292.52814947293,0
779,85019076,Rodgers,310,Spain,Male,40,0,144211.39361330765,4,0,1,176085.04013953105,0
780,48910610,Smith,814,France,Male,27,2,110407.7937653478,3,0,0,43894.529204606224,0
781,73109501,Cole,571,Germany,Female,54,1,196394.53183649958,1,1,1,146016.6872208737,1
782,52232889,Maddox,466,Germany,Male,52,3,175923.7843428208,4,0,1,113029.82851219203,1
783,56733108,Martinez,660,Spain,Male,23,2,95510.64351639168,2,1,0,106858.11773359931,1
784,53140434,Miller,838,Spain,Male,79,7,197675.38704501642,4,0,0,156489.43403131168,0
785,36236720,Morris,540,Spain,Female,32,7,60460.90873151529,1,1,0,111819.05820924138,1
786,43241877,Hicks,448,Spain,Male,53,8,20487.61914007342,4,0,1,10032.521802610474,0
787,80444538,Ortega,817,France,Female,44,10,150191.45428282098,2,1,1,82256.33842987654,1
788,25504565,Lewis,686,Germany,Female,22,4,160392.1100460579,2,1,0,54963.22824951171,0
789,67118429,Thompson,743,Spain,Female,27,8,148259.70801083333,4,1,1,72843.43719562521,0
790,11389645,Jones,529,Germany,Female,73,3,59807.102619736164,1,0,0,33852.04398242719,1
791,29587580,Ibarra,314,France,Female,66,7,78424.15574954204,2,0,1,141984.2921823824,1
792,40258144,Floyd,750,Spain,Male,52,6,178692.89654737842,2,1,0,15012.422458574318,0
793,83095631,Suarez,399,France,Male,23,8,183904.77111464675,3,1,0,88795.57897197883,1
794,98917723,Werner,547,Germany,Female,43,2,117414.18906392586,4,0,0,131387.49524895113,0
795,43823644,Hill,835,Germany,Female,68,3,46492.77880030747,2,1,1,118649.08184344642,1
796,67362178,Nelson,391,Spain,Male,37,10,135131.21083609478,2,0,1,106964.5624596768,0
797,63161938,Black,365,Spain,Female,68,6,79092.6215450607,3,1,1,106996.87192306721,0
798,11675151,Rivers,440,Germany,Male,48,7,144275.7465943066,3,0,1,33520.308143049544,1
799,91768381,Ortiz,793,France,Female,25,9,178012.03302610185,2,0,1,147603.628923631,0
800,35667683,Johnston,679,Spain,Male,49,4,167749.7623264124,1,0,1,175781.6460262407,0
801,17773737,Stuart,839,Germany,Male,78,8,124119.09473019582,4,1,0,128159.65162428273,0
802,57090961,Ayala,792,France,Male,70,7,64331.7774109035,4,1,1,75474.20727027782,0
803,69101356,Cain,837,Germany,Male,50,4,181915.41715666436,2,1,1,188898.20876610978,1
804,33576495,Chen,437,Spain,Male,66,6,78383.55084865929,2,1,1,145533.95240072778,0
805,17068995,Greene,838,France,Female,66,2,28050.401703810436,4,1,1,84775.08077388142,1
806,28503287,Schultz,382,Germany,Male,53,10,186618.19333339288,2,1,0,18898.881181057965,1
807,12238636,Jones,481,Germany,Male,23,3,112018.08559434701,2,1,1,57543.12167025259,0
808,20956165,Jimenez,771,Germany,Female,47,5,175270.9192878431,2,1,1,59121.733652145216,1
809,43862233,Harris,732,Spain,Female,46,1,2548.8504862841487,1,0,1,171847.77777493087,1
810,32490032,Sutton,636,France,Male,63,6,183223.59683069182,2,0,1,162032.16417214242,1
811,57538515,Davis,530,France,Female,80,10,101664.07841513699,4,1,0,16952.856474339613,1
812,58011160,Juarez,535,France,Female,30,10,154139.21131410444,4,0,0,161090.97902217755,1
813,99670235,Norton,802,Spain,Male,35,2,59705.65727209159,4,0,0,192187.0136778048,1
814,80768469,Richardson,663,France,Female,67,3,173594.5210446066,1,1,1,136955.1421444493,0
815,27689165,Smith,485,Germany,Male,74,7,88181.25675437944,3,1,0,128439.6201848446,1
816,40299813,Cole,708,Germany,Female,46,3,188132.47401981655,1,1,1,126128.96581769311,0
817,71066553,Kennedy,637,Germany,Male,79,4,194010.4569640883,2,1,1,85912.95632258475,1
818,70135809,Walsh,620,Germany,Male,50,10,8383.022693026533,4,1,0,65685.74196194577,1
819,26539370,Ryan,806,France,Male,78,8,32416.423304672026,1,1,0,165405.9119078468,0
820,17446656,Robles,436,Spain,Male,45,5,45029.67264868494,3,0,1,87257.86417755805,1
821,36904399,Contreras,531,Germany,Female,50,3,199086.2295627719,3,0,0,56485.43530918764,0
822,52180045,Russell,757,Germany,Male,19,0,105434.41011718704,3,0,1,184334.10092359368,1
823,23264476,Thompson,783,Spain,Male,80,0,197340.4191373414,4,1,1,33926.5211105749,0
824,62067842,Summers,754,Spain,Male,53,9,133262.4228470339,1,1,0,132073.46751285417,1
825,86811192,Martinez,488,France,Male,55,9,161173.5237537347,1,1,1,66252.40148826144,0
826,68962085,Long,664,France,Male,60,3,27841.450379791844,4,0,1,86457.73790233598,1
827,43910890,Walker,544,Germany,Male,25,0,72760.4456988814,2,1,1,19295.604050467173,1
828,57243478,Shaw,674,Germany,Male,36,6,96449.66913827449,2,1,0,154008.51778034668,1
829,48551359,Wilkerson,402,Germany,Male,38,9,8451.581560679333,1,0,0,154722.66274196494,1
830,26136699,Martin,837,Spain,Female,73,6,50932.37036175111,4,1,1,47720.81242337077,0
831,17098416,Hobbs,354,France,Female,59,2,146236.8121865104,1,1,1,76000.04941178267,1
832,89179140,Pierce,423,Germany,Male,57,8,63719.66303186969,3,1,1,91836.49709317747,0
833,94888267,Humphrey,662,Germany,Male,52,2,176746.39020774723,3,1,0,103358.86028178832,1
834,11808160,Fitzpatrick,363,Germany,Male,69,10,74468.47026790107,1,0,0,107829.4393078848,1
835,39242730,Barajas,437,Spain,Male,21,3,12885.129132851358,1,0,0,165799.9032032633,0
836,39499416,Davis,583,Spain,Male,21,1,86555.67335207699,3,1,0,198330.35539643554,1
837,32512146,Bennett,408,Germany,Female,47,4,162272.47753374424,3,1,0,148816.42277195535,1
838,60269651,Kennedy,509,Spain,Male,70,9,197835.53084413518,4,1,0,70950.84080063223,0
839,84910018,Hill,467,Germany,Male,55,0,2379.404813400399,4,0,0,10024.444460796438,0
840,43671187,Allen,562,Germany,Female,34,8,80928.13983162447,3,1,1,180354.12102171395,0
841,54488019,Fields,407,Spain,Female,42,2,26311.58254448138,2,1,1,68495.02630570966,1
842,83482139,Giles,581,Germany,Male,66,10,172679.43033119492,3,1,0,108776.57440842423,1
843,30822981,Velasquez,407,France,Male,69,1,44945.062726405304,4,0,1,171950.0896281224,0
844,60122435,Evans,610,Spain,Female,53,5,154887.7468643621,4,0,1,86136.00080307086,0
845,56661149,Jenkins,694,Germany,Female,37,7,114574.39591586147,4,0,1,68012.72724786555,1
846,34098400,Lopez,452,Germany,Female,27,4,103824.66297749385,3,0,0,102341.4094064756,1
847,46719074,Stanley,652,France,Male,31,0,199555.61740542468,3,1,1,83726.67036837208,1
848,74211228,Chapman,823,Germany,Male,59,8,118013.62993613376,2,0,1,61712.40034570737,0
849,68114484,Marquez,595,Spain,Male,39,1,112806.53622034895,4,0,0,93039.77271410203,1
850,96244441,Lawrence,693,France,Female,76,5,73397.16989485707,3,1,0,153040.23313013974,1
851,98890540,Brown,679,Spain,Male,35,1,88597.44000075867,1,0,1,171750.21303642888,1
852,92158460,Singleton,553,Spain,Male,26,7,74597.64187922845,4,1,1,33747.43698519512,0
853,32031203,Spears,739,France,Female,51,7,175713.24764008712,2,0,0,131403.36776606046,0
854,90194216,Jackson,522,France,Male,47,0,98065.69250152461,3,0,0,100330.9188824098,1
855,11611969,Delgado,612,Germany,Male,71,7,155258.97814271488,1,1,1,190799.39871525404,1
856,49631642,Gray,541,France,Female,43,8,63404.07818259057,3,0,1,18265.226732766474,1
857,13539405,Kelly,478,Spain,Female,79,9,28346.265025408335,3,0,1,191655.8449937755,0
858,56843976,Gonzalez,468,France,Female,59,2,158828.54592417448,1,0,1,54959.380440746405,0
859,21486504,Thomas,452,Germany,Female,67,4,107218.1842848011,2,0,0,75420.311897078,1
860,61773224,Wilson,790,Spain,Female,31,9,43269.26161212865,3,0,1,124780.86201501107,0
861,14057777,Ramsey,703,Spain,Male,65,10,189660.1492022346,2,0,0,199404.67407703277,1
862,50367091,Peterson,773,France,Male,68,1,80685.74985788034,1,0,0,34662.58042573289,1
863,20475966,Summers,698,France,Male,51,9,146483.88340569445,2,1,1,133912.02725660248,0
864,64619015,Pennington,740,France,Female,49,9,83677.29787384094,1,1,1,96305.34393138415,1
865,86308054,Glenn,734,Spain,Male,63,10,138359.9813168076,3,0,0,47401.80359658746,0
866,29627401,Mitchell,570,Germany,Female,78,5,49710.06795005055,3,0,1,74563.8316896074,0
867,38903405,Massey,441,France,Female,32,5,65371.33414435463,1,1,0,71051.9360265848,1
868,95997587,Garcia,746,Germany,Female,54,6,117013.37913598285,4,1,0,122478.794303844,0
869,81138627,Davidson,534,France,Male,71,2,198971.1588123383,3,0,1,68143.60833491916,1
870,56479723,Gentry,386,Spain,Male,21,1,43769.80468941072,2,0,1,125713.09880868305,1
871,59379595,Mendoza,800,Spain,Male,48,0,122321.90790822734,4,0,0,146325.69197458396,1
872,38095366,Raymond,520,France,Female,78,2,128269.67647224414,2,0,0,199264.42955241018,1
873,83559060,Williamson,596,Spain,Female,48,7,40585.530605223255,2,0,1,119385.10902097031,1
874,44370132,Lee,484,France,Female,52,9,15182.141658709614,1,0,0,170686.0658651368,1
875,53348587,Benson,430,Germany,Female,26,1,186660.83236075292,2,1,1,96421.4804664893,0
876,59677882,Pierce,696,France,Female,71,6,12668.270998081744,2,0,1,72846.92598911872,0
877,66234867,Taylor,728,France,Female,53,7,144703.41861311038,1,0,1,37352.54319949115,0
878,78723366,Martin,349,Spain,Female,22,10,138168.76723765986,2,1,1,79458.30512581846,0
879,64759361,Malone,384,France,Male,27,1,182479.38686497152,3,0,1,149976.3739685854,0
880,38625109,Sharp,672,Spain,Female,22,8,110629.71120017438,4,0,0,28421.846896622097,1
881,21667325,Cohen,504,Spain,Female,47,0,141876.44775127855,4,0,1,36079.06095285011,0
882,99623324,Lowery,665,France,Female,73,7,47212.31738667193,2,1,1,151882.3967910483,0
883,54112262,Hall,321,Germany,Male,67,6,180664.2780258229,1,1,0,125151.31557106086,1
884,89594479,Irwin,630,Germany,Male,44,9,128607.16469004647,2,0,0,83799.2634952106,1
885,44628516,Salas,378,Germany,Female,47,3,181806.84790202806,1,0,1,152813.12092718456,1
886,26220549,White,367,France,Male,42,5,117571.07471774505,2,1,0,93073.90225067663,0
887,93408474,Garcia,462,France,Female,42,2,25073.70992745288,4,0,1,117404.0036702487,1
888,28092237,Mendoza,503,Germany,Female,18,6,101956.92556134381,3,0,1,100113.99227442607,0
889,20493487,Glass,836,Germany,Male,69,6,142900.58863244377,3,0,0,80699.14547538689,1
890,31476826,Jones,307,Germany,Female,69,5,104349.7463343721,2,0,0,79277.93557043244,1
891,73699027,Anderson,840,Spain,Female,23,4,39904.79853815745,2,0,1,21205.9346809801,0
892,16161673,Saunders,768,Spain,Male,20,5,175123.8020679063,3,1,0,147965.3170525587,1
893,29933798,Harris,805,Germany,Female,74,10,191542.44623852245,1,0,1,89309.82343478235,0
894,91892367,Sheppard,609,Germany,Female,21,8,6772.500654413927,1,0,0,55429.0649485777,1
895,67078221,Camacho,776,Spain,Male,73,3,127728.74054564751,1,0,1,62039.417321146095,0
896,93736857,Garcia,649,France,Female,33,2,148826.44693328853,4,0,1,59241.56805802891,1
897,51597907,Smith,569,Germany,Male,45,7,16785.258052579866,1,0,1,68345.59028105979,1
898,27842467,Fernandez,701,Spain,Female,78,10,45781.30100251987,3,0,0,10499.053661812508,1
899,82717853,Wilson,746,Germany,Male,75,1,47235.08554042357,1,1,0,72961.53145008022,0
900,83523021,Williams,383,Germany,Female,72,8,56779.64448097934,2,0,1,186215.4788427467,0
901,93519625,Green,323,France,Female,20,7,33143.63058532492,4,0,1,196375.7466149512,0
902,75445939,Garcia,484,Germany,Female,58,3,158646.04187298522,1,1,0,59998.68198325639,0
903,30291462,Tucker,778,France,Male,66,5,14245.059236001856,2,1,1,50195.44009295509,1
904,93663482,Gonzalez,548,Spain,Female,45,8,92002.23447408465,4,1,0,152199.90470020322,1
905,56812634,Adams,658,Germany,Female,67,6,12431.859089914577,3,1,1,32470.092800109094,1
906,71970271,Brown,832,France,Female,76,6,25800.178503490322,3,0,0,112455.5718967586,1
907,43379384,Acosta,639,Germany,Male,61,1,126158.92486290423,3,0,1,117440.43366304529,0
908,54575303,Craig,638,Germany,Female,64,0,7995.776524295528,2,1,0,173941.7849476479,0
909,64479195,Hayes,503,Germany,Male,64,8,102613.76518563624,4,1,0,186131.17276832857,1
910,55546637,Rios,748,Spain,Female,51,5,153253.923124762,2,1,0,85589.7832691351,1
911,54980655,Ramos,840,Spain,Female,30,2,10643.655780110972,4,0,0,173667.588946036,1
912,27610964,Vargas,370,Spain,Female,37,1,176896.24604149873,3,0,1,60668.84078000264,1
913,70666075,Solomon,611,Spain,Female,49,1,49140.076143898084,1,1,0,96541.06100869089,0
914,30940172,Hall,759,France,Male,65,5,172960.11209119135,4,1,1,73460.06772833972,1
915,57879500,Bailey,426,France,Female,80,7,51206.73500576574,1,1,0,20844.445576130176,1
916,55957952,Ho,832,Germany,Female,60,10,112591.52496782399,2,0,0,71283.44222112761,1
917,57897130,Miller,826,Spain,Female,46,9,165575.43172705563,4,1,1,48756.39182388873,1
918,16267874,Rodriguez,760,Germany,Female,32,4,127079.98195039618,4,0,0,106963.56064775174,1
919,80049826,Hess,787,Germany,Female,48,5,147903.08470650358,1,0,1,189276.58813626846,1
920,34951463,Jones,368,Spain,Female,49,6,165374.2385633521,2,0,1,73115.16606167922,0
921,38677503,Williamson,754,Spain,Male,59,8,88895.35408930434,1,0,0,50341.63585093453,0
922,44501607,Day,599,Germany,Male,75,1,177179.05584078815,3,0,0,91563.38379544031,1
923,76986187,Nguyen,769,France,Male,36,2,79497.70901086199,1,1,1,175685.00955624584,1
924,76905512,Jordan,705,France,Male,28,10,142402.65903091108,3,1,0,166045.299890698,1
925,62028463,Rodriguez,778,Germany,Male,72,5,71365.18035404944,3,0,1,171452.06646785382,0
926,94362966,Strickland,824,France,Male,53,10,134178.57098793343,3,1,0,25743.841224343378,1
927,10192169,Cooper,813,Spain,Female,61,7,72718.04049051907,4,0,1,146382.99668098323,1
928,16368206,Murray,821,Germany,Male,51,6,100901.06005966185,4,1,1,31405.126647882575,1
929,20205849,Woodward,493,Spain,Female,46,8,90967.08302930971,3,1,1,35775.15485556483,1
930,80544372,Brown,800,Spain,Male,79,4,27608.30844736448,1,0,1,25199.590992991063,1
931,73393619,Browning,362,Germany,Female,68,1,88011.2269288272,4,1,1,38085.47857852113,1
932,49162102,Smith,796,Spain,Male,28,5,23229.85204074328,4,0,1,93353.0369831706,0
933,71186740,Finley,517,Spain,Female,28,2,51139.90818694081,4,0,1,115810.52393226742,0
934,92302601,Martinez,449,Germany,Male,80,2,127271.28370437465,2,1,1,175006.91482162772,1
935,30397655,Mercer,318,Spain,Male,68,5,19475.683508191178,3,0,1,176178.16707131697,1
936,63441428,Benjamin,349,Spain,Female,23,9,106354.45246470308,2,1,1,29915.778076115505,0
937,21137141,Dickson,792,France,Female,79,7,139439.1736827688,1,1,0,72455.69983474266,1
938,50360969,Bryant,402,Germany,Male,66,0,137795.02798525113,3,0,1,33146.04602689064,0
939,46015354,Soto,606,France,Female,65,7,85133.87988145393,2,1,0,173991.35357191914,0
940,85225999,Lopez,425,France,Female,36,7,140655.25141726754,4,1,0,49513.920074652764,0
941,44967511,Cole,528,Germany,Female,18,7,5573.899527007819,1,0,0,84176.11246108497,0
942,29968124,Adkins,603,Germany,Male,65,0,61889.54810514939,2,0,1,119672.58707340407,1
943,44828603,Gonzalez,528,Germany,Male,36,1,125287.25307371409,4,1,1,135345.37747402402,1
944,43335562,Bradley,445,Germany,Male,57,3,73014.13167484183,2,0,0,83419.62209547235,1
945,67316333,Hamilton,363,Spain,Female,36,1,74740.35676905488,1,0,1,75845.62673038023,1
946,14004127,Martin,606,Germany,Female,42,0,143893.29972980075,4,1,1,188919.8047303472,1
947,40870049,Clark,812,Germany,Female,20,0,96151.63441364061,4,0,1,127869.21810877982,1
948,19346366,Foster,823,Germany,Male,40,10,140530.23195568612,1,0,0,68768.38281945165,1
949,98515902,Ross,748,Germany,Female,51,0,192780.03179953786,4,1,1,132297.82474299186,0
950,49354546,Buchanan,595,Germany,Male,67,10,119080.225799064,4,1,0,112181.67991355107,1
951,32813612,Tucker,712,France,Female,24,4,143700.54903754196,1,0,1,91353.77343868223,1
952,33590579,Owen,405,France,Male,37,2,168113.5892925544,4,1,1,113253.28724987988,1
953,97725451,Mitchell,733,France,Male,56,7,166783.70722239625,2,1,0,85697.62276736705,0
954,84440378,Freeman,496,France,Female,18,3,43539.29797370697,2,1,1,164971.01446082594,0
955,20236130,Ortega,332,Germany,Female,21,8,10025.241723035671,4,1,0,184512.11950404875,0
956,77382642,Liu,359,France,Male,19,7,84946.87784860909,4,1,1,53763.95940841915,1
957,50348891,Hall,681,France,Female,43,8,130573.4052869339,2,0,0,50580.78072968946,0
958,37818454,Castro,456,Germany,Female,38,0,190571.61999907563,4,0,0,164441.06816404394,0
959,70466936,Pruitt,522,Germany,Female,61,3,188561.1629993513,1,1,0,16589.40808520264,0
960,41838696,Griffin,408,Spain,Male,36,6,52007.14379912101,3,1,1,112716.94407595265,1
961,88907867,Lane,304,France,Male,22,6,131072.0542049424,2,0,1,86074.20789879966,0
962,72270543,Mitchell,443,Spain,Male,48,3,27051.63547057581,4,0,1,32289.099756874904,1
963,58535110,Henderson,318,Germany,Female,30,10,10114.101559791156,3,1,0,140180.05852321594,0
964,45596283,Jones,787,France,Male,49,1,30111.737783232795,4,0,1,32654.011739158068,0
965,51704026,Rodriguez,473,Spain,Male,53,7,43498.910030141815,4,0,1,139478.384624994,0
966,46208907,Douglas,597,Spain,Female,27,1,107981.76023697555,3,1,0,40997.286663179366,1
967,81752279,Johnson,806,France,Female,30,5,146294.15420819138,2,1,1,35945.816411245076,0
968,19761866,Griffin,720,France,Female,60,1,183782.0297388514,1,0,0,22216.92475332349,1
969,98231842,Joseph,610,Germany,Female,51,2,2139.00856846192,3,0,1,94647.89019765327,1
970,38109989,Robertson,314,Spain,Male,26,0,107315.13248381212,4,1,0,61796.36968613535,1
971,48682367,Calderon,302,Germany,Male,43,4,151162.32885134598,2,1,0,94245.15351580962,0
972,77407502,Aguilar,392,Germany,Male,79,6,132420.53738614326,2,0,0,59443.80083175084,1
973,12282213,Hogan,811,Germany,Female,69,1,27479.834965460846,3,0,0,175414.2611845271,0
974,30992219,Snow,820,Germany,Male,67,8,94252.26423913447,1,0,1,153396.43342665353,0
975,65861162,Kelley,303,Germany,Male,54,1,79361.33757983279,2,0,1,42166.20252775704,1
976,61345989,Dunlap,452,France,Male,23,8,155434.87785473344,2,0,1,36720.77094180971,0
977,61461852,Blanchard,340,Spain,Male,38,0,133887.95145000695,1,1,0,27478.590379816793,1
978,67229851,Garza,400,France,Male,65,9,43145.84811189099,4,0,0,123330.1479768399,1
979,17709674,Smith,405,France,Female,49,0,18667.609917668095,3,0,1,152311.09108643516,1
980,45225723,Wilson,794,France,Male,28,10,139316.72224132522,2,0,0,131735.34961128287,0
981,76585269,Rivera,643,France,Female,28,5,165796.6792710633,4,0,1,100881.21763720392,1
982,50380481,Sherman,548,Spain,Female,49,3,38601.447154916226,4,0,0,70727.38734949901,0
983,99533459,Schwartz,386,Spain,Female,75,4,43993.214327438815,4,1,1,54148.401089402236,0
984,23997573,Hernandez,645,Spain,Female,47,10,138686.09161029276,3,0,0,148899.76729727705,1
985,25354477,Hart,456,Germany,Male,33,10,35545.056275137445,1,1,1,197874.8342348848,1
986,13488265,Allison,710,Spain,Male,71,7,193722.6780150808,4,1,0,186894.40692094964,0
987,87488779,Martin,414,France,Female,54,6,29961.63288542235,3,0,0,68480.5874069297,1
988,23145554,Daniels,796,Germany,Male,78,10,162552.13362713988,4,0,1,129020.41687650995,1
989,21520583,Moore,672,Spain,Female,54,4,40894.99425050236,4,0,1,103790.78694973397,1
990,58677317,Lloyd,646,Spain,Male,62,3,110219.85449504998,2,1,0,61819.01673966052,0
991,77133324,Smith,526,Spain,Male,50,0,57398.86527099956,4,0,1,69886.93404932498,1
992,66201075,Bass,597,Germany,Male,28,9,117584.58999505008,2,0,1,144169.24218923014,0
993,41824266,Allen,784,France,Female,55,6,137768.3979406456,2,0,1,180643.13516706656,1
994,68425190,Conrad,372,Germany,Female,18,5,121879.62858228831,3,0,0,25764.06034679201,1
995,50015954,Santiago,653,France,Female,79,4,135645.61299633895,2,1,0,50591.87716285633,1
996,47977805,Chapman,733,Germany,Male,63,7,75513.63744615279,2,0,0,151365.70621592354,0
997,23936715,Espinoza,598,Spain,Female,38,6,25575.917437042837,1,0,1,124737.42222997159,1
998,14809460,Flores,805,France,Female,18,9,105696.50877279148,1,0,1,66566.20099690638,1
999,71910371,Davila,671,Germany,Female,54,3,10828.16768784054,2,0,0,58557.15804092942,0
1000,85099757,Anderson,610,Germany,Male,44,9,83494.0405591816,3,0,0,172000.25894977967,1
